"position","X1","X2","X3","X4","X5","X6","X7","X8","X9","X10","X11"
0,86,16,29,4,38,15,30,34,26,22,16
0.000194,86.375,16,29.125,4.125,38.5,14.625,29.875,34,25.875,21.875,16
0.000388,86.75,16,29.25,4.25,39,14.25,29.75,34,25.75,21.75,16
0.000582,87.125,16,29.375,4.375,39.5,13.875,29.625,34,25.625,21.625,16
0.000776,87.5,16,29.5,4.5,40,13.5,29.5,34,25.5,21.5,16
0.00097,87.875,16,29.625,4.625,40.5,13.125,29.375,34,25.375,21.375,16
0.001164,88.25,16,29.75,4.75,41,12.75,29.25,34,25.25,21.25,16
0.001358,88.625,16,29.875,4.875,41.5,12.375,29.125,34,25.125,21.125,16
0.001551,89,16,30,5,42,12,29,34,25,21,16
0.001824,90.375,16.375,30.125,4.5,41.5,12.125,28.875,34,25,21.25,15.875
0.002096,91.75,16.75,30.25,4,41,12.25,28.75,34,25,21.5,15.75
0.002369,93.125,17.125,30.375,3.5,40.5,12.375,28.625,34,25,21.75,15.625
0.002642,94.5,17.5,30.5,3,40,12.5,28.5,34,25,22,15.5
0.002915,95.875,17.875,30.625,2.5,39.5,12.625,28.375,34,25,22.25,15.375
0.003188,97.25,18.25,30.75,2,39,12.75,28.25,34,25,22.5,15.25
0.003461,98.625,18.625,30.875,1.5,38.5,12.875,28.125,34,25,22.75,15.125
0.003733,100,19,31,1,38,13,28,34,25,23,15
0.004096,102,18.875,30.5,1.25,38.125,13.25,28.25,33.75,25.25,23.125,15.25
0.004459,104,18.75,30,1.5,38.25,13.5,28.5,33.5,25.5,23.25,15.5
0.004822,106,18.625,29.5,1.75,38.375,13.75,28.75,33.25,25.75,23.375,15.75
0.005185,108,18.5,29,2,38.5,14,29,33,26,23.5,16
0.005548,110,18.375,28.5,2.25,38.625,14.25,29.25,32.75,26.25,23.625,16.25
0.005911,112,18.25,28,2.5,38.75,14.5,29.5,32.5,26.5,23.75,16.5
0.006274,114,18.125,27.5,2.75,38.875,14.75,29.75,32.25,26.75,23.875,16.75
0.006637,116,18,27,3,39,15,30,32,27,24,17
0.007097,119.125,17.875,27.125,2.875,39.625,14.75,30.25,32,26.625,23.75,17
0.007556,122.25,17.75,27.25,2.75,40.25,14.5,30.5,32,26.25,23.5,17
0.008016,125.375,17.625,27.375,2.625,40.875,14.25,30.75,32,25.875,23.25,17
0.008476,128.5,17.5,27.5,2.5,41.5,14,31,32,25.5,23,17
0.008936,131.625,17.375,27.625,2.375,42.125,13.75,31.25,32,25.125,22.75,17
0.009396,134.75,17.25,27.75,2.25,42.75,13.5,31.5,32,24.75,22.5,17
0.009856,137.875,17.125,27.875,2.125,43.375,13.25,31.75,32,24.375,22.25,17
0.010316,141,17,28,2,44,13,32,32,24,22,17
0.01087,145.25,17.25,27.875,2.125,43.875,13.375,31.625,31.875,24.375,22,16.75
0.011425,149.5,17.5,27.75,2.25,43.75,13.75,31.25,31.75,24.75,22,16.5
0.01198,153.75,17.75,27.625,2.375,43.625,14.125,30.875,31.625,25.125,22,16.25
0.012534,158,18,27.5,2.5,43.5,14.5,30.5,31.5,25.5,22,16
0.013088,162.25,18.25,27.375,2.625,43.375,14.875,30.125,31.375,25.875,22,15.75
0.013643,166.5,18.5,27.25,2.75,43.25,15.25,29.75,31.25,26.25,22,15.5
0.014198,170.75,18.75,27.125,2.875,43.125,15.625,29.375,31.125,26.625,22,15.25
0.014752,175,19,27,3,43,16,29,31,27,22,15
0.01532,182.25,19,27.125,2.875,42.75,15.875,28.875,31,26.75,21.625,15
0.015888,189.5,19,27.25,2.75,42.5,15.75,28.75,31,26.5,21.25,15
0.016456,196.75,19,27.375,2.625,42.25,15.625,28.625,31,26.25,20.875,15
0.017025,204,19,27.5,2.5,42,15.5,28.5,31,26,20.5,15
0.017593,211.25,19,27.625,2.375,41.75,15.375,28.375,31,25.75,20.125,15
0.018161,218.5,19,27.75,2.25,41.5,15.25,28.25,31,25.5,19.75,15
0.018729,225.75,19,27.875,2.125,41.25,15.125,28.125,31,25.25,19.375,15
0.019297,233,19,28,2,41,15,28,31,25,19,15
0.019859,245.25,19,27.875,2.125,40.625,15.375,28.625,31.25,25.375,19.125,15.625
0.02042,257.5,19,27.75,2.25,40.25,15.75,29.25,31.5,25.75,19.25,16.25
0.020981,269.75,19,27.625,2.375,39.875,16.125,29.875,31.75,26.125,19.375,16.875
0.021542,282,19,27.5,2.5,39.5,16.5,30.5,32,26.5,19.5,17.5
0.022103,294.25,19,27.375,2.625,39.125,16.875,31.125,32.25,26.875,19.625,18.125
0.022665,306.5,19,27.25,2.75,38.75,17.25,31.75,32.5,27.25,19.75,18.75
0.023227,318.75,19,27.125,2.875,38.375,17.625,32.375,32.75,27.625,19.875,19.375
0.023788,331,19,27,3,38,18,33,33,28,20,20
0.024478,351.75,19.5,26.875,2.875,38.25,17.25,32.5,32.875,27.875,19.875,19.5
0.025168,372.5,20,26.75,2.75,38.5,16.5,32,32.75,27.75,19.75,19
0.025857,393.25,20.5,26.625,2.625,38.75,15.75,31.5,32.625,27.625,19.625,18.5
0.026547,414,21,26.5,2.5,39,15,31,32.5,27.5,19.5,18
0.027237,434.75,21.5,26.375,2.375,39.25,14.25,30.5,32.375,27.375,19.375,17.5
0.027926,455.5,22,26.25,2.25,39.5,13.5,30,32.25,27.25,19.25,17
0.028616,476.25,22.5,26.125,2.125,39.75,12.75,29.5,32.125,27.125,19.125,16.5
0.029306,497,23,26,2,40,12,29,32,27,19,16
0.03005,536.25,22.875,26.25,2.125,40.25,12.375,29.25,32.125,27,19.25,16.25
0.030794,575.5,22.75,26.5,2.25,40.5,12.75,29.5,32.25,27,19.5,16.5
0.031538,614.75,22.625,26.75,2.375,40.75,13.125,29.75,32.375,27,19.75,16.75
0.032282,654,22.5,27,2.5,41,13.5,30,32.5,27,20,17
0.033026,693.25,22.375,27.25,2.625,41.25,13.875,30.25,32.625,27,20.25,17.25
0.03377,732.5,22.25,27.5,2.75,41.5,14.25,30.5,32.75,27,20.5,17.5
0.034514,771.75,22.125,27.75,2.875,41.75,14.625,30.75,32.875,27,20.75,17.75
0.035258,811,22,28,3,42,15,31,33,27,21,18
0.036069,892.625,22.125,28.125,2.875,42,14.75,30.875,33.125,27.25,21.375,17.75
0.036881,974.25,22.25,28.25,2.75,42,14.5,30.75,33.25,27.5,21.75,17.5
0.037692,1055.875,22.375,28.375,2.625,42,14.25,30.625,33.375,27.75,22.125,17.25
0.038504,1137.5,22.5,28.5,2.5,42,14,30.5,33.5,28,22.5,17
0.039316,1219.125,22.625,28.625,2.375,42,13.75,30.375,33.625,28.25,22.875,16.75
0.040127,1300.75,22.75,28.75,2.25,42,13.5,30.25,33.75,28.5,23.25,16.5
0.040939,1382.375,22.875,28.875,2.125,42,13.25,30.125,33.875,28.75,23.625,16.25
0.04175,1464,23,29,2,42,13,30,34,29,24,16
0.04256,1613.125,23.375,29.125,2.25,42.25,13.875,29.25,33.875,28.375,23.875,15.625
0.043369,1762.25,23.75,29.25,2.5,42.5,14.75,28.5,33.75,27.75,23.75,15.25
0.044178,1911.375,24.125,29.375,2.75,42.75,15.625,27.75,33.625,27.125,23.625,14.875
0.044987,2060.5,24.5,29.5,3,43,16.5,27,33.5,26.5,23.5,14.5
0.045797,2209.625,24.875,29.625,3.25,43.25,17.375,26.25,33.375,25.875,23.375,14.125
0.046606,2358.75,25.25,29.75,3.5,43.5,18.25,25.5,33.25,25.25,23.25,13.75
0.047415,2507.875,25.625,29.875,3.75,43.75,19.125,24.75,33.125,24.625,23.125,13.375
0.048224,2657,26,30,4,44,20,24,33,24,23,13
0.049031,2833.125,26.5,29.75,4.125,43.75,19.625,24.875,32.625,24.5,22.75,13.625
0.049838,3009.25,27,29.5,4.25,43.5,19.25,25.75,32.25,25,22.5,14.25
0.050645,3185.375,27.5,29.25,4.375,43.25,18.875,26.625,31.875,25.5,22.25,14.875
0.051452,3361.5,28,29,4.5,43,18.5,27.5,31.5,26,22,15.5
0.05226,3537.625,28.5,28.75,4.625,42.75,18.125,28.375,31.125,26.5,21.75,16.125
0.053067,3713.75,29,28.5,4.75,42.5,17.75,29.25,30.75,27,21.5,16.75
0.053874,3889.875,29.5,28.25,4.875,42.25,17.375,30.125,30.375,27.5,21.25,17.375
0.054681,4066,30,28,5,42,17,31,30,28,21,18
0.055488,3976.25,30.5,28.375,4.75,42.125,16.75,30.75,30.125,27.875,21,17.875
0.056295,3886.5,31,28.75,4.5,42.25,16.5,30.5,30.25,27.75,21,17.75
0.057102,3796.75,31.5,29.125,4.25,42.375,16.25,30.25,30.375,27.625,21,17.625
0.057909,3707,32,29.5,4,42.5,16,30,30.5,27.5,21,17.5
0.058716,3617.25,32.5,29.875,3.75,42.625,15.75,29.75,30.625,27.375,21,17.375
0.059523,3527.5,33,30.25,3.5,42.75,15.5,29.5,30.75,27.25,21,17.25
0.06033,3437.75,33.5,30.625,3.25,42.875,15.25,29.25,30.875,27.125,21,17.125
0.061137,3348,34,31,3,43,15,29,31,27,21,17
0.061944,2811.625,34.5,31,3.375,42.875,15.125,29,30.875,26.875,20.875,17
0.062751,2275.25,35,31,3.75,42.75,15.25,29,30.75,26.75,20.75,17
0.063558,1738.875,35.5,31,4.125,42.625,15.375,29,30.625,26.625,20.625,17
0.064365,1202.5,36,31,4.5,42.5,15.5,29,30.5,26.5,20.5,17
0.065172,666.125,36.5,31,4.875,42.375,15.625,29,30.375,26.375,20.375,17
0.065979,129.75,37,31,5.25,42.25,15.75,29,30.25,26.25,20.25,17
0.066786,-406.625,37.5,31,5.625,42.125,15.875,29,30.125,26.125,20.125,17
0.067594,-943,38,31,6,42,16,29,30,26,20,17
0.068401,-1317.75,38.5,31,5.75,41.75,16,29.375,30.125,26,20.125,17
0.069208,-1692.5,39,31,5.5,41.5,16,29.75,30.25,26,20.25,17
0.070015,-2067.25,39.5,31,5.25,41.25,16,30.125,30.375,26,20.375,17
0.070822,-2442,40,31,5,41,16,30.5,30.5,26,20.5,17
0.071629,-2816.75,40.5,31,4.75,40.75,16,30.875,30.625,26,20.625,17
0.072436,-3191.5,41,31,4.5,40.5,16,31.25,30.75,26,20.75,17
0.073243,-3566.25,41.5,31,4.25,40.25,16,31.625,30.875,26,20.875,17
0.07405,-3941,42,31,4,40,16,32,31,26,21,17
0.075646,-3682.75,45,30.75,4,40.125,15.875,31.625,31.75,26.375,20.875,17.125
0.077242,-3424.5,48,30.5,4,40.25,15.75,31.25,32.5,26.75,20.75,17.25
0.078838,-3166.25,51,30.25,4,40.375,15.625,30.875,33.25,27.125,20.625,17.375
0.080434,-2908,54,30,4,40.5,15.5,30.5,34,27.5,20.5,17.5
0.08203,-2649.75,57,29.75,4,40.625,15.375,30.125,34.75,27.875,20.375,17.625
0.083626,-2391.5,60,29.5,4,40.75,15.25,29.75,35.5,28.25,20.25,17.75
0.085222,-2133.25,63,29.25,4,40.875,15.125,29.375,36.25,28.625,20.125,17.875
0.086818,-1875,66,29,4,41,15,29,37,29,20,18
0.087621,-1763.5,68.625,29.375,3.875,41.125,15,29,36.125,28.625,20.125,18.125
0.088424,-1652,71.25,29.75,3.75,41.25,15,29,35.25,28.25,20.25,18.25
0.089227,-1540.5,73.875,30.125,3.625,41.375,15,29,34.375,27.875,20.375,18.375
0.090029,-1429,76.5,30.5,3.5,41.5,15,29,33.5,27.5,20.5,18.5
0.090831,-1317.5,79.125,30.875,3.375,41.625,15,29,32.625,27.125,20.625,18.625
0.091634,-1206,81.75,31.25,3.25,41.75,15,29,31.75,26.75,20.75,18.75
0.092437,-1094.5,84.375,31.625,3.125,41.875,15,29,30.875,26.375,20.875,18.875
0.093239,-983,87,32,3,42,15,29,30,26,21,19
0.094037,-924.875,90.875,31.75,3.375,42,15.25,29,30.375,26,21,18.75
0.094835,-866.75,94.75,31.5,3.75,42,15.5,29,30.75,26,21,18.5
0.095633,-808.625,98.625,31.25,4.125,42,15.75,29,31.125,26,21,18.25
0.096431,-750.5,102.5,31,4.5,42,16,29,31.5,26,21,18
0.097229,-692.375,106.375,30.75,4.875,42,16.25,29,31.875,26,21,17.75
0.098027,-634.25,110.25,30.5,5.25,42,16.5,29,32.25,26,21,17.5
0.098825,-576.125,114.125,30.25,5.625,42,16.75,29,32.625,26,21,17.25
0.099623,-518,118,30,6,42,17,29,33,26,21,17
0.100418,-472,135.25,30.625,5.875,41.625,16.5,29.25,33,26.25,21,17
0.101214,-426,152.5,31.25,5.75,41.25,16,29.5,33,26.5,21,17
0.10201,-380,169.75,31.875,5.625,40.875,15.5,29.75,33,26.75,21,17
0.102806,-334,187,32.5,5.5,40.5,15,30,33,27,21,17
0.103602,-288,204.25,33.125,5.375,40.125,14.5,30.25,33,27.25,21,17
0.104398,-242,221.5,33.75,5.25,39.75,14,30.5,33,27.5,21,17
0.105193,-196,238.75,34.375,5.125,39.375,13.5,30.75,33,27.75,21,17
0.105989,-150,256,35,5,39,13,31,33,28,21,17
0.106787,-142.125,275.125,34.5,4.75,39.125,12.875,30.625,32.625,28.125,20.75,17
0.107585,-134.25,294.25,34,4.5,39.25,12.75,30.25,32.25,28.25,20.5,17
0.108383,-126.375,313.375,33.5,4.25,39.375,12.625,29.875,31.875,28.375,20.25,17
0.109181,-118.5,332.5,33,4,39.5,12.5,29.5,31.5,28.5,20,17
0.109979,-110.625,351.625,32.5,3.75,39.625,12.375,29.125,31.125,28.625,19.75,17
0.110777,-102.75,370.75,32,3.5,39.75,12.25,28.75,30.75,28.75,19.5,17
0.111575,-94.875,389.875,31.5,3.25,39.875,12.125,28.375,30.375,28.875,19.25,17
0.112373,-87,409,31,3,40,12,28,30,29,19,17
0.113167,-81.375,443.875,31.25,3.25,40.25,12.625,27.875,30.625,28.875,19.25,16.75
0.11396,-75.75,478.75,31.5,3.5,40.5,13.25,27.75,31.25,28.75,19.5,16.5
0.114754,-70.125,513.625,31.75,3.75,40.75,13.875,27.625,31.875,28.625,19.75,16.25
0.115547,-64.5,548.5,32,4,41,14.5,27.5,32.5,28.5,20,16
0.11634,-58.875,583.375,32.25,4.25,41.25,15.125,27.375,33.125,28.375,20.25,15.75
0.117134,-53.25,618.25,32.5,4.5,41.5,15.75,27.25,33.75,28.25,20.5,15.5
0.117927,-47.625,653.125,32.75,4.75,41.75,16.375,27.125,34.375,28.125,20.75,15.25
0.118721,-42,688,33,5,42,17,27,35,28,21,15
0.119514,-38.875,753.875,33.25,5,42,16.625,27.125,34.5,27.875,21.5,15.125
0.120308,-35.75,819.75,33.5,5,42,16.25,27.25,34,27.75,22,15.25
0.121102,-32.625,885.625,33.75,5,42,15.875,27.375,33.5,27.625,22.5,15.375
0.121895,-29.5,951.5,34,5,42,15.5,27.5,33,27.5,23,15.5
0.122689,-26.375,1017.375,34.25,5,42,15.125,27.625,32.5,27.375,23.5,15.625
0.123482,-23.25,1083.25,34.5,5,42,14.75,27.75,32,27.25,24,15.75
0.124276,-20.125,1149.125,34.75,5,42,14.375,27.875,31.5,27.125,24.5,15.875
0.12507,-17,1215,35,5,42,14,28,31,27,25,16
0.125863,-15.125,1333.125,35.375,4.75,42,13.875,28.125,31.5,26.75,24.375,16
0.126657,-13.25,1451.25,35.75,4.5,42,13.75,28.25,32,26.5,23.75,16
0.12745,-11.375,1569.375,36.125,4.25,42,13.625,28.375,32.5,26.25,23.125,16
0.128244,-9.5,1687.5,36.5,4,42,13.5,28.5,33,26,22.5,16
0.129037,-7.625,1805.625,36.875,3.75,42,13.375,28.625,33.5,25.75,21.875,16
0.129831,-5.75,1923.75,37.25,3.5,42,13.25,28.75,34,25.5,21.25,16
0.130625,-3.875,2041.875,37.625,3.25,42,13.125,28.875,34.5,25.25,20.625,16
0.131418,-2,2160,38,3,42,13,29,35,25,20,16
0.132207,-1,2326.25,38.375,3.125,42,13.375,29.125,34.625,25.25,20,16.125
0.132996,0,2492.5,38.75,3.25,42,13.75,29.25,34.25,25.5,20,16.25
0.133785,1,2658.75,39.125,3.375,42,14.125,29.375,33.875,25.75,20,16.375
0.134574,2,2825,39.5,3.5,42,14.5,29.5,33.5,26,20,16.5
0.135363,3,2991.25,39.875,3.625,42,14.875,29.625,33.125,26.25,20,16.625
0.136152,4,3157.5,40.25,3.75,42,15.25,29.75,32.75,26.5,20,16.75
0.136941,5,3323.75,40.625,3.875,42,15.625,29.875,32.375,26.75,20,16.875
0.13773,6,3490,41,4,42,16,30,32,27,20,17
0.138519,7.125,3520.875,41.5,4,41.5,15.625,30,32.25,27.125,20.125,17.375
0.139308,8.25,3551.75,42,4,41,15.25,30,32.5,27.25,20.25,17.75
0.140097,9.375,3582.625,42.5,4,40.5,14.875,30,32.75,27.375,20.375,18.125
0.140886,10.5,3613.5,43,4,40,14.5,30,33,27.5,20.5,18.5
0.141675,11.625,3644.375,43.5,4,39.5,14.125,30,33.25,27.625,20.625,18.875
0.142464,12.75,3675.25,44,4,39,13.75,30,33.5,27.75,20.75,19.25
0.143253,13.875,3706.125,44.5,4,38.5,13.375,30,33.75,27.875,20.875,19.625
0.144042,15,3737,45,4,38,13,30,34,28,21,20
0.144826,15.5,3336.25,45.375,4.5,38.375,13.375,29.875,33.5,27.875,21,19.625
0.145611,16,2935.5,45.75,5,38.75,13.75,29.75,33,27.75,21,19.25
0.146396,16.5,2534.75,46.125,5.5,39.125,14.125,29.625,32.5,27.625,21,18.875
0.14718,17,2134,46.5,6,39.5,14.5,29.5,32,27.5,21,18.5
0.147964,17.5,1733.25,46.875,6.5,39.875,14.875,29.375,31.5,27.375,21,18.125
0.148749,18,1332.5,47.25,7,40.25,15.25,29.25,31,27.25,21,17.75
0.149533,18.5,931.75,47.625,7.5,40.625,15.625,29.125,30.5,27.125,21,17.375
0.150318,19,531,48,8,41,16,29,30,27,21,17
0.151103,19.5,42.375,48.5,7.75,40.625,15.875,29,30.25,26.5,21.125,17
0.151887,20,-446.25,49,7.5,40.25,15.75,29,30.5,26,21.25,17
0.152672,20.5,-934.875,49.5,7.25,39.875,15.625,29,30.75,25.5,21.375,17
0.153456,21,-1423.5,50,7,39.5,15.5,29,31,25,21.5,17
0.154241,21.5,-1912.125,50.5,6.75,39.125,15.375,29,31.25,24.5,21.625,17
0.155025,22,-2400.75,51,6.5,38.75,15.25,29,31.5,24,21.75,17
0.155809,22.5,-2889.375,51.5,6.25,38.375,15.125,29,31.75,23.5,21.875,17
0.156594,23,-3378,52,6,38,15,29,32,23,22,17
0.157374,22.875,-3440.125,52.875,6.125,38.5,14.875,29.25,32.375,23.125,21.75,16.875
0.158154,22.75,-3502.25,53.75,6.25,39,14.75,29.5,32.75,23.25,21.5,16.75
0.158934,22.625,-3564.375,54.625,6.375,39.5,14.625,29.75,33.125,23.375,21.25,16.625
0.159714,22.5,-3626.5,55.5,6.5,40,14.5,30,33.5,23.5,21,16.5
0.160494,22.375,-3688.625,56.375,6.625,40.5,14.375,30.25,33.875,23.625,20.75,16.375
0.161274,22.25,-3750.75,57.25,6.75,41,14.25,30.5,34.25,23.75,20.5,16.25
0.162054,22.125,-3812.875,58.125,6.875,41.5,14.125,30.75,34.625,23.875,20.25,16.125
0.162834,22,-3875,59,7,42,14,31,35,24,20,16
0.163614,22.25,-3701.625,60.5,6.875,41.75,14.5,31.125,34.5,24.375,20.25,16
0.164394,22.5,-3528.25,62,6.75,41.5,15,31.25,34,24.75,20.5,16
0.165174,22.75,-3354.875,63.5,6.625,41.25,15.5,31.375,33.5,25.125,20.75,16
0.165954,23,-3181.5,65,6.5,41,16,31.5,33,25.5,21,16
0.166734,23.25,-3008.125,66.5,6.375,40.75,16.5,31.625,32.5,25.875,21.25,16
0.167514,23.5,-2834.75,68,6.25,40.5,17,31.75,32,26.25,21.5,16
0.168294,23.75,-2661.375,69.5,6.125,40.25,17.5,31.875,31.5,26.625,21.75,16
0.169074,24,-2488,71,6,40,18,32,31,27,22,16
0.169854,24.5,-2342,72.625,5.875,40.25,18,32.25,31.375,27,22.125,16
0.170634,25,-2196,74.25,5.75,40.5,18,32.5,31.75,27,22.25,16
0.171414,25.5,-2050,75.875,5.625,40.75,18,32.75,32.125,27,22.375,16
0.172194,26,-1904,77.5,5.5,41,18,33,32.5,27,22.5,16
0.172974,26.5,-1758,79.125,5.375,41.25,18,33.25,32.875,27,22.625,16
0.173754,27,-1612,80.75,5.25,41.5,18,33.5,33.25,27,22.75,16
0.174534,27.5,-1466,82.375,5.125,41.75,18,33.75,33.625,27,22.875,16
0.175314,28,-1320,84,5,42,18,34,34,27,23,16
0.17609,27.75,-1243.875,86.875,5.125,41.875,17.625,33,33.625,26.625,22.625,16.25
0.176865,27.5,-1167.75,89.75,5.25,41.75,17.25,32,33.25,26.25,22.25,16.5
0.17764,27.25,-1091.625,92.625,5.375,41.625,16.875,31,32.875,25.875,21.875,16.75
0.178416,27,-1015.5,95.5,5.5,41.5,16.5,30,32.5,25.5,21.5,17
0.179192,26.75,-939.375,98.375,5.625,41.375,16.125,29,32.125,25.125,21.125,17.25
0.179967,26.5,-863.25,101.25,5.75,41.25,15.75,28,31.75,24.75,20.75,17.5
0.180743,26.25,-787.125,104.125,5.875,41.125,15.375,27,31.375,24.375,20.375,17.75
0.181518,26,-711,107,6,41,15,26,31,24,20,18
0.182293,26,-671.375,111.375,5.875,41,15.125,26.375,31.375,24.25,20,17.75
0.183069,26,-631.75,115.75,5.75,41,15.25,26.75,31.75,24.5,20,17.5
0.183845,26,-592.125,120.125,5.625,41,15.375,27.125,32.125,24.75,20,17.25
0.18462,26,-552.5,124.5,5.5,41,15.5,27.5,32.5,25,20,17
0.185395,26,-512.875,128.875,5.375,41,15.625,27.875,32.875,25.25,20,16.75
0.186171,26,-473.25,133.25,5.25,41,15.75,28.25,33.25,25.5,20,16.5
0.186947,26,-433.625,137.625,5.125,41,15.875,28.625,33.625,25.75,20,16.25
0.187722,26,-394,142,5,41,16,29,34,26,20,16
0.188497,26.625,-373.5,150.25,5.25,40.875,16.25,28.75,33.625,26.125,20.25,16
0.189273,27.25,-353,158.5,5.5,40.75,16.5,28.5,33.25,26.25,20.5,16
0.190049,27.875,-332.5,166.75,5.75,40.625,16.75,28.25,32.875,26.375,20.75,16
0.190824,28.5,-312,175,6,40.5,17,28,32.5,26.5,21,16
0.191599,29.125,-291.5,183.25,6.25,40.375,17.25,27.75,32.125,26.625,21.25,16
0.192375,29.75,-271,191.5,6.5,40.25,17.5,27.5,31.75,26.75,21.5,16
0.193151,30.375,-250.5,199.75,6.75,40.125,17.75,27.25,31.375,26.875,21.75,16
0.193926,31,-230,208,7,40,18,27,31,27,22,16
0.194701,30.75,-218.875,220.375,6.875,40.25,17.625,27.5,31.25,27.125,21.875,16.375
0.195476,30.5,-207.75,232.75,6.75,40.5,17.25,28,31.5,27.25,21.75,16.75
0.196252,30.25,-196.625,245.125,6.625,40.75,16.875,28.5,31.75,27.375,21.625,17.125
0.197027,30,-185.5,257.5,6.5,41,16.5,29,32,27.5,21.5,17.5
0.197802,29.75,-174.375,269.875,6.375,41.25,16.125,29.5,32.25,27.625,21.375,17.875
0.198578,29.5,-163.25,282.25,6.25,41.5,15.75,30,32.5,27.75,21.25,18.25
0.199354,29.25,-152.125,294.625,6.125,41.75,15.375,30.5,32.75,27.875,21.125,18.625
0.200129,29,-141,307,6,42,15,31,33,28,21,19
0.2009,29.125,-134.5,329.125,6.5,41.5,15.5,31,33,28.125,21.375,18.375
0.201671,29.25,-128,351.25,7,41,16,31,33,28.25,21.75,17.75
0.202442,29.375,-121.5,373.375,7.5,40.5,16.5,31,33,28.375,22.125,17.125
0.203213,29.5,-115,395.5,8,40,17,31,33,28.5,22.5,16.5
0.203984,29.625,-108.5,417.625,8.5,39.5,17.5,31,33,28.625,22.875,15.875
0.204755,29.75,-102,439.75,9,39,18,31,33,28.75,23.25,15.25
0.205526,29.875,-95.5,461.875,9.5,38.5,18.5,31,33,28.875,23.625,14.625
0.206297,30,-89,484,10,38,19,31,33,29,24,14
0.207068,29.75,-85.75,524.25,10.125,38.5,18.5,30.75,33,28.875,23.75,14.5
0.207839,29.5,-82.5,564.5,10.25,39,18,30.5,33,28.75,23.5,15
0.20861,29.25,-79.25,604.75,10.375,39.5,17.5,30.25,33,28.625,23.25,15.5
0.209381,29,-76,645,10.5,40,17,30,33,28.5,23,16
0.210152,28.75,-72.75,685.25,10.625,40.5,16.5,29.75,33,28.375,22.75,16.5
0.210923,28.5,-69.5,725.5,10.75,41,16,29.5,33,28.25,22.5,17
0.211694,28.25,-66.25,765.75,10.875,41.5,15.5,29.25,33,28.125,22.25,17.5
0.212465,28,-63,806,11,42,15,29,33,28,22,18
0.213231,28.25,-60,880.375,11.125,41.875,15,29.5,32.875,27.5,22,17.75
0.213998,28.5,-57,954.75,11.25,41.75,15,30,32.75,27,22,17.5
0.214764,28.75,-54,1029.125,11.375,41.625,15,30.5,32.625,26.5,22,17.25
0.215531,29,-51,1103.5,11.5,41.5,15,31,32.5,26,22,17
0.216298,29.25,-48,1177.875,11.625,41.375,15,31.5,32.375,25.5,22,16.75
0.217064,29.5,-45,1252.25,11.75,41.25,15,32,32.25,25,22,16.5
0.217831,29.75,-42,1326.625,11.875,41.125,15,32.5,32.125,24.5,22,16.25
0.218597,30,-39,1401,12,41,15,33,32,24,22,16
0.219368,29.75,-38,1529.5,12.125,41,15.375,32.5,32,24.125,21.875,16.25
0.220139,29.5,-37,1658,12.25,41,15.75,32,32,24.25,21.75,16.5
0.22091,29.25,-36,1786.5,12.375,41,16.125,31.5,32,24.375,21.625,16.75
0.221681,29,-35,1915,12.5,41,16.5,31,32,24.5,21.5,17
0.222452,28.75,-34,2043.5,12.625,41,16.875,30.5,32,24.625,21.375,17.25
0.223223,28.5,-33,2172,12.75,41,17.25,30,32,24.75,21.25,17.5
0.223994,28.25,-32,2300.5,12.875,41,17.625,29.5,32,24.875,21.125,17.75
0.224765,28,-31,2429,13,41,18,29,32,25,21,18
0.225536,28.125,-29.375,2584.375,13.375,41.125,17.75,28.75,32.375,25.125,21.125,18.25
0.226307,28.25,-27.75,2739.75,13.75,41.25,17.5,28.5,32.75,25.25,21.25,18.5
0.227078,28.375,-26.125,2895.125,14.125,41.375,17.25,28.25,33.125,25.375,21.375,18.75
0.227849,28.5,-24.5,3050.5,14.5,41.5,17,28,33.5,25.5,21.5,19
0.22862,28.625,-22.875,3205.875,14.875,41.625,16.75,27.75,33.875,25.625,21.625,19.25
0.229391,28.75,-21.25,3361.25,15.25,41.75,16.5,27.5,34.25,25.75,21.75,19.5
0.230162,28.875,-19.625,3516.625,15.625,41.875,16.25,27.25,34.625,25.875,21.875,19.75
0.230933,29,-18,3672,16,42,16,27,35,26,22,20
0.231699,29.25,-17.25,3629.625,16.375,42,15.5,27.25,34.75,26.25,22,19.625
0.232465,29.5,-16.5,3587.25,16.75,42,15,27.5,34.5,26.5,22,19.25
0.233232,29.75,-15.75,3544.875,17.125,42,14.5,27.75,34.25,26.75,22,18.875
0.233998,30,-15,3502.5,17.5,42,14,28,34,27,22,18.5
0.234764,30.25,-14.25,3460.125,17.875,42,13.5,28.25,33.75,27.25,22,18.125
0.235531,30.5,-13.5,3417.75,18.25,42,13,28.5,33.5,27.5,22,17.75
0.236297,30.75,-12.75,3375.375,18.625,42,12.5,28.75,33.25,27.75,22,17.375
0.237064,31,-12,3333,19,42,12,29,33,28,22,17
0.237831,30.875,-11.625,2885.125,19.625,42.125,12.625,28.75,33,27.75,21.875,17
0.238597,30.75,-11.25,2437.25,20.25,42.25,13.25,28.5,33,27.5,21.75,17
0.239364,30.625,-10.875,1989.375,20.875,42.375,13.875,28.25,33,27.25,21.625,17
0.24013,30.5,-10.5,1541.5,21.5,42.5,14.5,28,33,27,21.5,17
0.240897,30.375,-10.125,1093.625,22.125,42.625,15.125,27.75,33,26.75,21.375,17
0.241663,30.25,-9.75,645.75,22.75,42.75,15.75,27.5,33,26.5,21.25,17
0.242429,30.125,-9.375,197.875,23.375,42.875,16.375,27.25,33,26.25,21.125,17
0.243196,30,-9,-250,24,43,17,27,33,26,21,17
0.243962,30.375,-8.75,-670.875,24.5,43.125,16.875,27.375,33.125,26.125,21.125,16.625
0.244729,30.75,-8.5,-1091.75,25,43.25,16.75,27.75,33.25,26.25,21.25,16.25
0.245496,31.125,-8.25,-1512.625,25.5,43.375,16.625,28.125,33.375,26.375,21.375,15.875
0.246262,31.5,-8,-1933.5,26,43.5,16.5,28.5,33.5,26.5,21.5,15.5
0.247028,31.875,-7.75,-2354.375,26.5,43.625,16.375,28.875,33.625,26.625,21.625,15.125
0.247795,32.25,-7.5,-2775.25,27,43.75,16.25,29.25,33.75,26.75,21.75,14.75
0.248561,32.625,-7.25,-3196.125,27.5,43.875,16.125,29.625,33.875,26.875,21.875,14.375
0.249328,33,-7,-3617,28,44,16,30,34,27,22,14
0.25009,32.625,-6.875,-3619.25,29.125,43.25,15.75,29.875,33.875,26.875,22.375,14
0.250852,32.25,-6.75,-3621.5,30.25,42.5,15.5,29.75,33.75,26.75,22.75,14
0.251614,31.875,-6.625,-3623.75,31.375,41.75,15.25,29.625,33.625,26.625,23.125,14
0.252375,31.5,-6.5,-3626,32.5,41,15,29.5,33.5,26.5,23.5,14
0.253137,31.125,-6.375,-3628.25,33.625,40.25,14.75,29.375,33.375,26.375,23.875,14
0.253899,30.75,-6.25,-3630.5,34.75,39.5,14.5,29.25,33.25,26.25,24.25,14
0.254661,30.375,-6.125,-3632.75,35.875,38.75,14.25,29.125,33.125,26.125,24.625,14
0.255423,30,-6,-3635,37,38,14,29,33,26,25,14
0.256185,30.125,-5.5,-3464,38.375,38.5,13.75,29,33,25.875,24.375,14.375
0.256947,30.25,-5,-3293,39.75,39,13.5,29,33,25.75,23.75,14.75
0.257709,30.375,-4.5,-3122,41.125,39.5,13.25,29,33,25.625,23.125,15.125
0.258471,30.5,-4,-2951,42.5,40,13,29,33,25.5,22.5,15.5
0.259233,30.625,-3.5,-2780,43.875,40.5,12.75,29,33,25.375,21.875,15.875
0.259995,30.75,-3,-2609,45.25,41,12.5,29,33,25.25,21.25,16.25
0.260757,30.875,-2.5,-2438,46.625,41.5,12.25,29,33,25.125,20.625,16.625
0.261519,31,-2,-2267,48,42,12,29,33,25,20,17
0.262277,31,-2.375,-2138.375,50,42.125,12.125,29,32.375,25.125,20.375,17.125
0.263034,31,-2.75,-2009.75,52,42.25,12.25,29,31.75,25.25,20.75,17.25
0.263791,31,-3.125,-1881.125,54,42.375,12.375,29,31.125,25.375,21.125,17.375
0.264549,31,-3.5,-1752.5,56,42.5,12.5,29,30.5,25.5,21.5,17.5
0.265307,31,-3.875,-1623.875,58,42.625,12.625,29,29.875,25.625,21.875,17.625
0.266064,31,-4.25,-1495.25,60,42.75,12.75,29,29.25,25.75,22.25,17.75
0.266822,31,-4.625,-1366.625,62,42.875,12.875,29,28.625,25.875,22.625,17.875
0.267579,31,-5,-1238,64,43,13,29,28,26,23,18
0.268336,31,-4.625,-1166.625,67.375,42.875,13.5,29.125,28.75,26,22.875,17.75
0.269094,31,-4.25,-1095.25,70.75,42.75,14,29.25,29.5,26,22.75,17.5
0.269852,31,-3.875,-1023.875,74.125,42.625,14.5,29.375,30.25,26,22.625,17.25
0.270609,31,-3.5,-952.5,77.5,42.5,15,29.5,31,26,22.5,17
0.271366,31,-3.125,-881.125,80.875,42.375,15.5,29.625,31.75,26,22.375,16.75
0.272123,31,-2.75,-809.75,84.25,42.25,16,29.75,32.5,26,22.25,16.5
0.27288,31,-2.375,-738.375,87.625,42.125,16.5,29.875,33.25,26,22.125,16.25
0.273638,31,-2,-667,91,42,17,30,34,26,22,16
0.274391,30.875,-2,-629.375,96.25,42.5,16.875,29.25,33.75,26.125,21.875,15.875
0.275144,30.75,-2,-591.75,101.5,43,16.75,28.5,33.5,26.25,21.75,15.75
0.275897,30.625,-2,-554.125,106.75,43.5,16.625,27.75,33.25,26.375,21.625,15.625
0.27665,30.5,-2,-516.5,112,44,16.5,27,33,26.5,21.5,15.5
0.277403,30.375,-2,-478.875,117.25,44.5,16.375,26.25,32.75,26.625,21.375,15.375
0.278156,30.25,-2,-441.25,122.5,45,16.25,25.5,32.5,26.75,21.25,15.25
0.278909,30.125,-2,-403.625,127.75,45.5,16.125,24.75,32.25,26.875,21.125,15.125
0.279662,30,-2,-366,133,46,16,24,32,27,21,15
0.280415,29.875,-2.5,-346.125,141.375,46.125,15.875,24.875,32,27,21.375,15.125
0.281168,29.75,-3,-326.25,149.75,46.25,15.75,25.75,32,27,21.75,15.25
0.281921,29.625,-3.5,-306.375,158.125,46.375,15.625,26.625,32,27,22.125,15.375
0.282674,29.5,-4,-286.5,166.5,46.5,15.5,27.5,32,27,22.5,15.5
0.283427,29.375,-4.5,-266.625,174.875,46.625,15.375,28.375,32,27,22.875,15.625
0.28418,29.25,-5,-246.75,183.25,46.75,15.25,29.25,32,27,23.25,15.75
0.284933,29.125,-5.5,-226.875,191.625,46.875,15.125,30.125,32,27,23.625,15.875
0.285685,29,-6,-207,200,47,15,31,32,27,24,16
0.286438,29.25,-5.25,-195.875,213.875,47,15.25,30.75,32.25,26.875,23.875,16.375
0.287191,29.5,-4.5,-184.75,227.75,47,15.5,30.5,32.5,26.75,23.75,16.75
0.287944,29.75,-3.75,-173.625,241.625,47,15.75,30.25,32.75,26.625,23.625,17.125
0.288697,30,-3,-162.5,255.5,47,16,30,33,26.5,23.5,17.5
0.28945,30.25,-2.25,-151.375,269.375,47,16.25,29.75,33.25,26.375,23.375,17.875
0.290203,30.5,-1.5,-140.25,283.25,47,16.5,29.5,33.5,26.25,23.25,18.25
0.290956,30.75,-0.75,-129.125,297.125,47,16.75,29.25,33.75,26.125,23.125,18.625
0.291709,31,0,-118,311,47,17,29,34,26,23,19
0.292462,31.125,-0.25,-111.625,336.125,47.125,17,29.125,34.125,25.875,23.5,19.125
0.293215,31.25,-0.5,-105.25,361.25,47.25,17,29.25,34.25,25.75,24,19.25
0.293968,31.375,-0.75,-98.875,386.375,47.375,17,29.375,34.375,25.625,24.5,19.375
0.294721,31.5,-1,-92.5,411.5,47.5,17,29.5,34.5,25.5,25,19.5
0.295474,31.625,-1.25,-86.125,436.625,47.625,17,29.625,34.625,25.375,25.5,19.625
0.296227,31.75,-1.5,-79.75,461.75,47.75,17,29.75,34.75,25.25,26,19.75
0.29698,31.875,-1.75,-73.375,486.875,47.875,17,29.875,34.875,25.125,26.5,19.875
0.297733,32,-2,-67,512,48,17,30,35,25,27,20
0.298531,32,-1.75,-63.375,560,48.5,16.875,30.125,34.625,25.25,26.375,19.875
0.299329,32,-1.5,-59.75,608,49,16.75,30.25,34.25,25.5,25.75,19.75
0.300127,32,-1.25,-56.125,656,49.5,16.625,30.375,33.875,25.75,25.125,19.625
0.300925,32,-1,-52.5,704,50,16.5,30.5,33.5,26,24.5,19.5
0.301723,32,-0.75,-48.875,752,50.5,16.375,30.625,33.125,26.25,23.875,19.375
0.302521,32,-0.5,-45.25,800,51,16.25,30.75,32.75,26.5,23.25,19.25
0.303319,32,-0.25,-41.625,848,51.5,16.125,30.875,32.375,26.75,22.625,19.125
0.304117,32,0,-38,896,52,16,31,32,27,22,19
0.304924,32,-0.125,-35.625,987.375,51.5,15.875,30.75,32,26.75,21.75,19
0.305731,32,-0.25,-33.25,1078.75,51,15.75,30.5,32,26.5,21.5,19
0.306538,32,-0.375,-30.875,1170.125,50.5,15.625,30.25,32,26.25,21.25,19
0.307345,32,-0.5,-28.5,1261.5,50,15.5,30,32,26,21,19
0.308152,32,-0.625,-26.125,1352.875,49.5,15.375,29.75,32,25.75,20.75,19
0.308959,32,-0.75,-23.75,1444.25,49,15.25,29.5,32,25.5,20.5,19
0.309766,32,-0.875,-21.375,1535.625,48.5,15.125,29.25,32,25.25,20.25,19
0.310573,32,-1,-19,1627,48,15,29,32,25,20,19
0.311384,32,-0.75,-16.625,1778.875,48.5,15.125,29.125,32.25,25.125,20.25,18.75
0.312196,32,-0.5,-14.25,1930.75,49,15.25,29.25,32.5,25.25,20.5,18.5
0.313008,32,-0.25,-11.875,2082.625,49.5,15.375,29.375,32.75,25.375,20.75,18.25
0.31382,32,0,-9.5,2234.5,50,15.5,29.5,33,25.5,21,18
0.314631,32,0.25,-7.125,2386.375,50.5,15.625,29.625,33.25,25.625,21.25,17.75
0.315443,32,0.5,-4.75,2538.25,51,15.75,29.75,33.5,25.75,21.5,17.5
0.316254,32,0.75,-2.375,2690.125,51.5,15.875,29.875,33.75,25.875,21.75,17.25
0.317066,32,1,0,2842,52,16,30,34,26,22,17
0.317882,31.375,0.875,0.75,2959.75,52.375,16,30.125,33.875,26.375,22,17.125
0.318698,30.75,0.75,1.5,3077.5,52.75,16,30.25,33.75,26.75,22,17.25
0.319514,30.125,0.625,2.25,3195.25,53.125,16,30.375,33.625,27.125,22,17.375
0.32033,29.5,0.5,3,3313,53.5,16,30.5,33.5,27.5,22,17.5
0.321146,28.875,0.375,3.75,3430.75,53.875,16,30.625,33.375,27.875,22,17.625
0.321962,28.25,0.25,4.5,3548.5,54.25,16,30.75,33.25,28.25,22,17.75
0.322778,27.625,0.125,5.25,3666.25,54.625,16,30.875,33.125,28.625,22,17.875
0.323594,27,0,6,3784,55,16,31,33,29,22,18
0.32441,27.5,0,7.125,3524.875,55.25,16.375,30.875,32.875,28.875,22,18.125
0.325226,28,0,8.25,3265.75,55.5,16.75,30.75,32.75,28.75,22,18.25
0.326042,28.5,0,9.375,3006.625,55.75,17.125,30.625,32.625,28.625,22,18.375
0.326858,29,0,10.5,2747.5,56,17.5,30.5,32.5,28.5,22,18.5
0.327674,29.5,0,11.625,2488.375,56.25,17.875,30.375,32.375,28.375,22,18.625
0.328491,30,0,12.75,2229.25,56.5,18.25,30.25,32.25,28.25,22,18.75
0.329307,30.5,0,13.875,1970.125,56.75,18.625,30.125,32.125,28.125,22,18.875
0.330123,31,0,15,1711,57,19,30,32,28,22,19
0.330939,31.25,0,14.875,1169.25,58.125,18,29.875,32,27.75,21.625,18.375
0.331755,31.5,0,14.75,627.5,59.25,17,29.75,32,27.5,21.25,17.75
0.332571,31.75,0,14.625,85.75,60.375,16,29.625,32,27.25,20.875,17.125
0.333387,32,0,14.5,-456,61.5,15,29.5,32,27,20.5,16.5
0.334203,32.25,0,14.375,-997.75,62.625,14,29.375,32,26.75,20.125,15.875
0.335019,32.5,0,14.25,-1539.5,63.75,13,29.25,32,26.5,19.75,15.25
0.335835,32.75,0,14.125,-2081.25,64.875,12,29.125,32,26.25,19.375,14.625
0.336651,33,0,14,-2623,66,11,29,32,26,19,14
0.337469,32.75,-0.125,14.25,-2788.25,67,11.75,29.25,32.125,26,19.25,14.5
0.338287,32.5,-0.25,14.5,-2953.5,68,12.5,29.5,32.25,26,19.5,15
0.339106,32.25,-0.375,14.75,-3118.75,69,13.25,29.75,32.375,26,19.75,15.5
0.339924,32,-0.5,15,-3284,70,14,30,32.5,26,20,16
0.340743,31.75,-0.625,15.25,-3449.25,71,14.75,30.25,32.625,26,20.25,16.5
0.341561,31.5,-0.75,15.5,-3614.5,72,15.5,30.5,32.75,26,20.5,17
0.34238,31.25,-0.875,15.75,-3779.75,73,16.25,30.75,32.875,26,20.75,17.5
0.343198,31,-1,16,-3945,74,17,31,33,26,21,18
0.344019,31.125,-1,16.25,-3779,75.25,17,30.75,32.875,26.5,20.875,17.875
0.344839,31.25,-1,16.5,-3613,76.5,17,30.5,32.75,27,20.75,17.75
0.34566,31.375,-1,16.75,-3447,77.75,17,30.25,32.625,27.5,20.625,17.625
0.34648,31.5,-1,17,-3281,79,17,30,32.5,28,20.5,17.5
0.347301,31.625,-1,17.25,-3115,80.25,17,29.75,32.375,28.5,20.375,17.375
0.348121,31.75,-1,17.5,-2949,81.5,17,29.5,32.25,29,20.25,17.25
0.348942,31.875,-1,17.75,-2783,82.75,17,29.25,32.125,29.5,20.125,17.125
0.349762,32,-1,18,-2617,84,17,29,32,30,20,17
0.350587,32.375,-0.625,18,-2463.25,85.5,17.125,28.875,32,29.625,20.125,17.25
0.351413,32.75,-0.25,18,-2309.5,87,17.25,28.75,32,29.25,20.25,17.5
0.352238,33.125,0.125,18,-2155.75,88.5,17.375,28.625,32,28.875,20.375,17.75
0.353063,33.5,0.5,18,-2002,90,17.5,28.5,32,28.5,20.5,18
0.353888,33.875,0.875,18,-1848.25,91.5,17.625,28.375,32,28.125,20.625,18.25
0.354713,34.25,1.25,18,-1694.5,93,17.75,28.25,32,27.75,20.75,18.5
0.355538,34.625,1.625,18,-1540.75,94.5,17.875,28.125,32,27.375,20.875,18.75
0.356363,35,2,18,-1387,96,18,28,32,27,21,19
0.357188,34.375,1.375,18.5,-1302.875,99.625,18.125,28.5,32.5,27.125,20.875,18.25
0.358013,33.75,0.75,19,-1218.75,103.25,18.25,29,33,27.25,20.75,17.5
0.358839,33.125,0.125,19.5,-1134.625,106.875,18.375,29.5,33.5,27.375,20.625,16.75
0.359664,32.5,-0.5,20,-1050.5,110.5,18.5,30,34,27.5,20.5,16
0.360489,31.875,-1.125,20.5,-966.375,114.125,18.625,30.5,34.5,27.625,20.375,15.25
0.361314,31.25,-1.75,21,-882.25,117.75,18.75,31,35,27.75,20.25,14.5
0.362139,30.625,-2.375,21.5,-798.125,121.375,18.875,31.5,35.5,27.875,20.125,13.75
0.362964,30,-3,22,-714,125,19,32,36,28,20,13
0.363793,30.125,-2.5,22.25,-672.125,130.125,19.375,32.25,35.375,28.25,20.5,13.5
0.364623,30.25,-2,22.5,-630.25,135.25,19.75,32.5,34.75,28.5,21,14
0.365452,30.375,-1.5,22.75,-588.375,140.375,20.125,32.75,34.125,28.75,21.5,14.5
0.366282,30.5,-1,23,-546.5,145.5,20.5,33,33.5,29,22,15
0.367112,30.625,-0.5,23.25,-504.625,150.625,20.875,33.25,32.875,29.25,22.5,15.5
0.367941,30.75,0,23.5,-462.75,155.75,21.25,33.5,32.25,29.5,23,16
0.368771,30.875,0.5,23.75,-420.875,160.875,21.625,33.75,31.625,29.75,23.5,16.5
0.3696,31,1,24,-379,166,22,34,31,30,24,17
0.370429,30.875,0.875,24.25,-358.5,175.75,21.625,33.5,31.25,29.75,23.625,16.75
0.371259,30.75,0.75,24.5,-338,185.5,21.25,33,31.5,29.5,23.25,16.5
0.372089,30.625,0.625,24.75,-317.5,195.25,20.875,32.5,31.75,29.25,22.875,16.25
0.372918,30.5,0.5,25,-297,205,20.5,32,32,29,22.5,16
0.373748,30.375,0.375,25.25,-276.5,214.75,20.125,31.5,32.25,28.75,22.125,15.75
0.374578,30.25,0.25,25.5,-256,224.5,19.75,31,32.5,28.5,21.75,15.5
0.375408,30.125,0.125,25.75,-235.5,234.25,19.375,30.5,32.75,28.25,21.375,15.25
0.376237,30,0,26,-215,244,19,30,33,28,21,15
0.377062,30,-0.125,26,-204,259.75,19.375,29.625,32.75,28,21.375,15
0.377887,30,-0.25,26,-193,275.5,19.75,29.25,32.5,28,21.75,15
0.378712,30,-0.375,26,-182,291.25,20.125,28.875,32.25,28,22.125,15
0.379537,30,-0.5,26,-171,307,20.5,28.5,32,28,22.5,15
0.380363,30,-0.625,26,-160,322.75,20.875,28.125,31.75,28,22.875,15
0.381188,30,-0.75,26,-149,338.5,21.25,27.75,31.5,28,23.25,15
0.382013,30,-0.875,26,-138,354.25,21.625,27.375,31.25,28,23.625,15
0.382838,30,-1,26,-127,370,22,27,31,28,24,15
0.383663,30,-0.875,25.625,-120.875,399.75,22.625,27.75,31,27.875,23.375,15.375
0.384488,30,-0.75,25.25,-114.75,429.5,23.25,28.5,31,27.75,22.75,15.75
0.385313,30,-0.625,24.875,-108.625,459.25,23.875,29.25,31,27.625,22.125,16.125
0.386138,30,-0.5,24.5,-102.5,489,24.5,30,31,27.5,21.5,16.5
0.386963,30,-0.375,24.125,-96.375,518.75,25.125,30.75,31,27.375,20.875,16.875
0.387788,30,-0.25,23.75,-90.25,548.5,25.75,31.5,31,27.25,20.25,17.25
0.388613,30,-0.125,23.375,-84.125,578.25,26.375,32.25,31,27.125,19.625,17.625
0.389438,30,0,23,-78,608,27,33,31,27,19,18
0.390267,30.375,-0.25,23.125,-74.625,667.125,26.5,33,31.125,26.875,19.625,17.875
0.391097,30.75,-0.5,23.25,-71.25,726.25,26,33,31.25,26.75,20.25,17.75
0.391927,31.125,-0.75,23.375,-67.875,785.375,25.5,33,31.375,26.625,20.875,17.625
0.392757,31.5,-1,23.5,-64.5,844.5,25,33,31.5,26.5,21.5,17.5
0.393587,31.875,-1.25,23.625,-61.125,903.625,24.5,33,31.625,26.375,22.125,17.375
0.394416,32.25,-1.5,23.75,-57.75,962.75,24,33,31.75,26.25,22.75,17.25
0.395246,32.625,-1.75,23.875,-54.375,1021.875,23.5,33,31.875,26.125,23.375,17.125
0.396075,33,-2,24,-51,1081,23,33,32,26,24,17
0.3969,32.625,-1.625,23.75,-49.25,1194.75,23.375,32.75,32.5,25.875,23.625,17
0.397725,32.25,-1.25,23.5,-47.5,1308.5,23.75,32.5,33,25.75,23.25,17
0.39855,31.875,-0.875,23.25,-45.75,1422.25,24.125,32.25,33.5,25.625,22.875,17
0.399375,31.5,-0.5,23,-44,1536,24.5,32,34,25.5,22.5,17
0.4002,31.125,-0.125,22.75,-42.25,1649.75,24.875,31.75,34.5,25.375,22.125,17
0.401025,30.75,0.25,22.5,-40.5,1763.5,25.25,31.5,35,25.25,21.75,17
0.40185,30.375,0.625,22.25,-38.75,1877.25,25.625,31.25,35.5,25.125,21.375,17
0.402676,30,1,22,-37,1991,26,31,36,25,21,17
0.403505,30.375,1,22.375,-35.875,2178.75,26.5,30.875,35.625,25.25,21.25,17.125
0.404335,30.75,1,22.75,-34.75,2366.5,27,30.75,35.25,25.5,21.5,17.25
0.405165,31.125,1,23.125,-33.625,2554.25,27.5,30.625,34.875,25.75,21.75,17.375
0.405994,31.5,1,23.5,-32.5,2742,28,30.5,34.5,26,22,17.5
0.406824,31.875,1,23.875,-31.375,2929.75,28.5,30.375,34.125,26.25,22.25,17.625
0.407653,32.25,1,24.25,-30.25,3117.5,29,30.25,33.75,26.5,22.5,17.75
0.408482,32.625,1,24.625,-29.125,3305.25,29.5,30.125,33.375,26.75,22.75,17.875
0.409312,33,1,25,-28,3493,30,30,33,27,23,18
0.410142,33,0.875,25,-27,3581.875,30.125,30.25,33,27.125,22.875,17.875
0.410972,33,0.75,25,-26,3670.75,30.25,30.5,33,27.25,22.75,17.75
0.411802,33,0.625,25,-25,3759.625,30.375,30.75,33,27.375,22.625,17.625
0.412631,33,0.5,25,-24,3848.5,30.5,31,33,27.5,22.5,17.5
0.413461,33,0.375,25,-23,3937.375,30.625,31.25,33,27.625,22.375,17.375
0.41429,33,0.25,25,-22,4026.25,30.75,31.5,33,27.75,22.25,17.25
0.415119,33,0.125,25,-21,4115.125,30.875,31.75,33,27.875,22.125,17.125
0.415949,33,0,25,-20,4204,31,32,33,28,22,17
0.416778,32.75,-0.125,25.375,-19.125,3781.625,31.75,32.25,32.875,27.75,21.75,17
0.417608,32.5,-0.25,25.75,-18.25,3359.25,32.5,32.5,32.75,27.5,21.5,17
0.418438,32.25,-0.375,26.125,-17.375,2936.875,33.25,32.75,32.625,27.25,21.25,17
0.419268,32,-0.5,26.5,-16.5,2514.5,34,33,32.5,27,21,17
0.420098,31.75,-0.625,26.875,-15.625,2092.125,34.75,33.25,32.375,26.75,20.75,17
0.420927,31.5,-0.75,27.25,-14.75,1669.75,35.5,33.5,32.25,26.5,20.5,17
0.421756,31.25,-0.875,27.625,-13.875,1247.375,36.25,33.75,32.125,26.25,20.25,17
0.422586,31,-1,28,-13,825,37,34,32,26,20,17
0.423416,31,-0.875,27.625,-13,292.25,37.875,33.625,32.125,26.375,20.625,16.75
0.424245,31,-0.75,27.25,-13,-240.5,38.75,33.25,32.25,26.75,21.25,16.5
0.425075,31,-0.625,26.875,-13,-773.25,39.625,32.875,32.375,27.125,21.875,16.25
0.425904,31,-0.5,26.5,-13,-1306,40.5,32.5,32.5,27.5,22.5,16
0.426733,31,-0.375,26.125,-13,-1838.75,41.375,32.125,32.625,27.875,23.125,15.75
0.427563,31,-0.25,25.75,-13,-2371.5,42.25,31.75,32.75,28.25,23.75,15.5
0.428393,31,-0.125,25.375,-13,-2904.25,43.125,31.375,32.875,28.625,24.375,15.25
0.429222,31,0,25,-13,-3437,44,31,33,29,25,15
0.430047,30.75,0.125,25.125,-13,-3483,45,31,32.875,28.875,24.375,15.625
0.430872,30.5,0.25,25.25,-13,-3529,46,31,32.75,28.75,23.75,16.25
0.431697,30.25,0.375,25.375,-13,-3575,47,31,32.625,28.625,23.125,16.875
0.432523,30,0.5,25.5,-13,-3621,48,31,32.5,28.5,22.5,17.5
0.433348,29.75,0.625,25.625,-13,-3667,49,31,32.375,28.375,21.875,18.125
0.434173,29.5,0.75,25.75,-13,-3713,50,31,32.25,28.25,21.25,18.75
0.434998,29.25,0.875,25.875,-13,-3759,51,31,32.125,28.125,20.625,19.375
0.435823,29,1,26,-13,-3805,52,31,32,28,20,20
0.436648,29.25,0.875,26,-12.375,-3615.875,53.25,31.25,32.125,28,19.875,19.125
0.437473,29.5,0.75,26,-11.75,-3426.75,54.5,31.5,32.25,28,19.75,18.25
0.438298,29.75,0.625,26,-11.125,-3237.625,55.75,31.75,32.375,28,19.625,17.375
0.439123,30,0.5,26,-10.5,-3048.5,57,32,32.5,28,19.5,16.5
0.439948,30.25,0.375,26,-9.875,-2859.375,58.25,32.25,32.625,28,19.375,15.625
0.440773,30.5,0.25,26,-9.25,-2670.25,59.5,32.5,32.75,28,19.25,14.75
0.441599,30.75,0.125,26,-8.625,-2481.125,60.75,32.75,32.875,28,19.125,13.875
0.442424,31,0,26,-8,-2292,62,33,33,28,19,13
0.443253,30.875,0.125,25.875,-8,-2153.375,64.375,33.25,33.375,27.5,19.625,13.25
0.444083,30.75,0.25,25.75,-8,-2014.75,66.75,33.5,33.75,27,20.25,13.5
0.444913,30.625,0.375,25.625,-8,-1876.125,69.125,33.75,34.125,26.5,20.875,13.75
0.445742,30.5,0.5,25.5,-8,-1737.5,71.5,34,34.5,26,21.5,14
0.446572,30.375,0.625,25.375,-8,-1598.875,73.875,34.25,34.875,25.5,22.125,14.25
0.447401,30.25,0.75,25.25,-8,-1460.25,76.25,34.5,35.25,25,22.75,14.5
0.44823,30.125,0.875,25.125,-8,-1321.625,78.625,34.75,35.625,24.5,23.375,14.75
0.44906,30,1,25,-8,-1183,81,35,36,24,24,15
0.449881,30.375,0.875,24.875,-8,-1110.875,85.25,34.5,36,24.25,23.875,15
0.450701,30.75,0.75,24.75,-8,-1038.75,89.5,34,36,24.5,23.75,15
0.451522,31.125,0.625,24.625,-8,-966.625,93.75,33.5,36,24.75,23.625,15
0.452342,31.5,0.5,24.5,-8,-894.5,98,33,36,25,23.5,15
0.453163,31.875,0.375,24.375,-8,-822.375,102.25,32.5,36,25.25,23.375,15
0.453983,32.25,0.25,24.25,-8,-750.25,106.5,32,36,25.5,23.25,15
0.454804,32.625,0.125,24.125,-8,-678.125,110.75,31.5,36,25.75,23.125,15
0.455625,33,0,24,-8,-606,115,31,36,26,23,15
0.45645,32.875,-0.125,24,-7.875,-570.25,121.25,31.625,35.25,26.25,23,14.75
0.457275,32.75,-0.25,24,-7.75,-534.5,127.5,32.25,34.5,26.5,23,14.5
0.4581,32.625,-0.375,24,-7.625,-498.75,133.75,32.875,33.75,26.75,23,14.25
0.458925,32.5,-0.5,24,-7.5,-463,140,33.5,33,27,23,14
0.459751,32.375,-0.625,24,-7.375,-427.25,146.25,34.125,32.25,27.25,23,13.75
0.460576,32.25,-0.75,24,-7.25,-391.5,152.5,34.75,31.5,27.5,23,13.5
0.461401,32.125,-0.875,24,-7.125,-355.75,158.75,35.375,30.75,27.75,23,13.25
0.462226,32,-1,24,-7,-320,165,36,30,28,23,13
0.463051,31.875,-0.875,24.125,-7,-301.875,176,36,30.125,27.75,23.125,13.5
0.463876,31.75,-0.75,24.25,-7,-283.75,187,36,30.25,27.5,23.25,14
0.464701,31.625,-0.625,24.375,-7,-265.625,198,36,30.375,27.25,23.375,14.5
0.465526,31.5,-0.5,24.5,-7,-247.5,209,36,30.5,27,23.5,15
0.466351,31.375,-0.375,24.625,-7,-229.375,220,36,30.625,26.75,23.625,15.5
0.467176,31.25,-0.25,24.75,-7,-211.25,231,36,30.75,26.5,23.75,16
0.468001,31.125,-0.125,24.875,-7,-193.125,242,36,30.875,26.25,23.875,16.5
0.468826,31,0,25,-7,-175,253,36,31,26,24,17
0.469651,31.125,-0.125,25.5,-6.625,-164.75,272.75,35.875,31.375,26.25,23.75,17.25
0.470477,31.25,-0.25,26,-6.25,-154.5,292.5,35.75,31.75,26.5,23.5,17.5
0.471302,31.375,-0.375,26.5,-5.875,-144.25,312.25,35.625,32.125,26.75,23.25,17.75
0.472127,31.5,-0.5,27,-5.5,-134,332,35.5,32.5,27,23,18
0.472952,31.625,-0.625,27.5,-5.125,-123.75,351.75,35.375,32.875,27.25,22.75,18.25
0.473777,31.75,-0.75,28,-4.75,-113.5,371.5,35.25,33.25,27.5,22.5,18.5
0.474602,31.875,-0.875,28.5,-4.375,-103.25,391.25,35.125,33.625,27.75,22.25,18.75
0.475427,32,-1,29,-4,-93,411,35,34,28,22,19
0.476252,31.875,-0.75,28.25,-4.375,-88.125,448.625,35.375,33.875,28,21.875,18.875
0.477077,31.75,-0.5,27.5,-4.75,-83.25,486.25,35.75,33.75,28,21.75,18.75
0.477902,31.625,-0.25,26.75,-5.125,-78.375,523.875,36.125,33.625,28,21.625,18.625
0.478727,31.5,0,26,-5.5,-73.5,561.5,36.5,33.5,28,21.5,18.5
0.479553,31.375,0.25,25.25,-5.875,-68.625,599.125,36.875,33.375,28,21.375,18.375
0.480378,31.25,0.5,24.5,-6.25,-63.75,636.75,37.25,33.25,28,21.25,18.25
0.481203,31.125,0.75,23.75,-6.625,-58.875,674.375,37.625,33.125,28,21.125,18.125
0.482028,31,1,23,-7,-54,712,38,33,28,21,18
0.482853,30.875,1.5,23.25,-7.125,-50.625,784.125,38.125,33,28.125,20.875,17.875
0.483678,30.75,2,23.5,-7.25,-47.25,856.25,38.25,33,28.25,20.75,17.75
0.484503,30.625,2.5,23.75,-7.375,-43.875,928.375,38.375,33,28.375,20.625,17.625
0.485328,30.5,3,24,-7.5,-40.5,1000.5,38.5,33,28.5,20.5,17.5
0.486153,30.375,3.5,24.25,-7.625,-37.125,1072.625,38.625,33,28.625,20.375,17.375
0.486978,30.25,4,24.5,-7.75,-33.75,1144.75,38.75,33,28.75,20.25,17.25
0.487803,30.125,4.5,24.75,-7.875,-30.375,1216.875,38.875,33,28.875,20.125,17.125
0.488628,30,5,25,-8,-27,1289,39,33,29,20,17
0.489453,30.25,4.25,25,-7.625,-23.75,1591.125,39.5,33.125,28.625,20.125,16.75
0.490278,30.5,3.5,25,-7.25,-20.5,1893.25,40,33.25,28.25,20.25,16.5
0.491103,30.75,2.75,25,-6.875,-17.25,2195.375,40.5,33.375,27.875,20.375,16.25
0.491928,31,2,25,-6.5,-14,2497.5,41,33.5,27.5,20.5,16
0.492753,31.25,1.25,25,-6.125,-10.75,2799.625,41.5,33.625,27.125,20.625,15.75
0.493578,31.5,0.5,25,-5.75,-7.5,3101.75,42,33.75,26.75,20.75,15.5
0.494403,31.75,-0.25,25,-5.375,-4.25,3403.875,42.5,33.875,26.375,20.875,15.25
0.495229,32,-1,25,-5,-1,3706,43,34,26,21,15
0.496054,32.125,-0.75,25.25,-5,-0.625,3641.75,43.375,34,26,21.375,15.5
0.496879,32.25,-0.5,25.5,-5,-0.25,3577.5,43.75,34,26,21.75,16
0.497704,32.375,-0.25,25.75,-5,0.125,3513.25,44.125,34,26,22.125,16.5
0.498529,32.5,0,26,-5,0.5,3449,44.5,34,26,22.5,17
0.499354,32.625,0.25,26.25,-5,0.875,3384.75,44.875,34,26,22.875,17.5
0.500179,32.75,0.5,26.5,-5,1.25,3320.5,45.25,34,26,23.25,18
0.501005,32.875,0.75,26.75,-5,1.625,3256.25,45.625,34,26,23.625,18.5
0.50183,33,1,27,-5,2,3192,46,34,26,24,19
0.502655,33,0.875,26.875,-4.875,3.125,2638.875,46.875,34.125,26,23.75,18.25
0.50348,33,0.75,26.75,-4.75,4.25,2085.75,47.75,34.25,26,23.5,17.5
0.504305,33,0.625,26.625,-4.625,5.375,1532.625,48.625,34.375,26,23.25,16.75
0.50513,33,0.5,26.5,-4.5,6.5,979.5,49.5,34.5,26,23,16
0.505955,33,0.375,26.375,-4.375,7.625,426.375,50.375,34.625,26,22.75,15.25
0.50678,33,0.25,26.25,-4.25,8.75,-126.75,51.25,34.75,26,22.5,14.5
0.507605,33,0.125,26.125,-4.125,9.875,-679.875,52.125,34.875,26,22.25,13.75
0.50843,33,0,26,-4,11,-1233,53,35,26,22,13
0.509256,32.875,0.25,26.25,-3.75,10.75,-1630,53.875,34.625,26.125,22.125,13.25
0.510081,32.75,0.5,26.5,-3.5,10.5,-2027,54.75,34.25,26.25,22.25,13.5
0.510906,32.625,0.75,26.75,-3.25,10.25,-2424,55.625,33.875,26.375,22.375,13.75
0.511731,32.5,1,27,-3,10,-2821,56.5,33.5,26.5,22.5,14
0.512556,32.375,1.25,27.25,-2.75,9.75,-3218,57.375,33.125,26.625,22.625,14.25
0.513381,32.25,1.5,27.5,-2.5,9.5,-3615,58.25,32.75,26.75,22.75,14.5
0.514206,32.125,1.75,27.75,-2.25,9.25,-4012,59.125,32.375,26.875,22.875,14.75
0.515031,32,2,28,-2,9,-4409,60,32,27,23,15
0.515856,31.625,1.875,27.5,-2.25,10,-4292,61.125,32.375,27,22.5,15
0.516681,31.25,1.75,27,-2.5,11,-4175,62.25,32.75,27,22,15
0.517506,30.875,1.625,26.5,-2.75,12,-4058,63.375,33.125,27,21.5,15
0.518331,30.5,1.5,26,-3,13,-3941,64.5,33.5,27,21,15
0.519156,30.125,1.375,25.5,-3.25,14,-3824,65.625,33.875,27,20.5,15
0.519981,29.75,1.25,25,-3.5,15,-3707,66.75,34.25,27,20,15
0.520806,29.375,1.125,24.5,-3.75,16,-3590,67.875,34.625,27,19.5,15
0.521632,29,1,24,-4,17,-3473,69,35,27,19,15
0.522457,29.125,1.125,24.125,-4.125,17,-3272.625,70.625,35.125,27.25,19.25,15.125
0.523282,29.25,1.25,24.25,-4.25,17,-3072.25,72.25,35.25,27.5,19.5,15.25
0.524107,29.375,1.375,24.375,-4.375,17,-2871.875,73.875,35.375,27.75,19.75,15.375
0.524932,29.5,1.5,24.5,-4.5,17,-2671.5,75.5,35.5,28,20,15.5
0.525757,29.625,1.625,24.625,-4.625,17,-2471.125,77.125,35.625,28.25,20.25,15.625
0.526582,29.75,1.75,24.75,-4.75,17,-2270.75,78.75,35.75,28.5,20.5,15.75
0.527407,29.875,1.875,24.875,-4.875,17,-2070.375,80.375,35.875,28.75,20.75,15.875
0.528232,30,2,25,-5,17,-1870,82,36,29,21,16
0.529057,30.125,2,25.5,-4.625,17.375,-1753.5,84.875,35.875,29,20.875,16.125
0.529882,30.25,2,26,-4.25,17.75,-1637,87.75,35.75,29,20.75,16.25
0.530707,30.375,2,26.5,-3.875,18.125,-1520.5,90.625,35.625,29,20.625,16.375
0.531532,30.5,2,27,-3.5,18.5,-1404,93.5,35.5,29,20.5,16.5
0.532358,30.625,2,27.5,-3.125,18.875,-1287.5,96.375,35.375,29,20.375,16.625
0.533183,30.75,2,28,-2.75,19.25,-1171,99.25,35.25,29,20.25,16.75
0.534008,30.875,2,28.5,-2.375,19.625,-1054.5,102.125,35.125,29,20.125,16.875
0.534833,31,2,29,-2,20,-938,105,35,29,20,17
0.535658,30.5,1.75,28.875,-2,20,-882.125,109.625,34.875,28.5,20.25,16.875
0.536483,30,1.5,28.75,-2,20,-826.25,114.25,34.75,28,20.5,16.75
0.537308,29.5,1.25,28.625,-2,20,-770.375,118.875,34.625,27.5,20.75,16.625
0.538133,29,1,28.5,-2,20,-714.5,123.5,34.5,27,21,16.5
0.538958,28.5,0.75,28.375,-2,20,-658.625,128.125,34.375,26.5,21.25,16.375
0.539783,28,0.5,28.25,-2,20,-602.75,132.75,34.25,26,21.5,16.25
0.540608,27.5,0.25,28.125,-2,20,-546.875,137.375,34.125,25.5,21.75,16.125
0.541433,27,0,28,-2,20,-491,142,34,25,22,16
0.542258,27.75,-0.125,27.375,-2.25,19.875,-463.125,149.25,34.5,25.25,21.75,15.75
0.543083,28.5,-0.25,26.75,-2.5,19.75,-435.25,156.5,35,25.5,21.5,15.5
0.543908,29.25,-0.375,26.125,-2.75,19.625,-407.375,163.75,35.5,25.75,21.25,15.25
0.544733,30,-0.5,25.5,-3,19.5,-379.5,171,36,26,21,15
0.545559,30.75,-0.625,24.875,-3.25,19.375,-351.625,178.25,36.5,26.25,20.75,14.75
0.546384,31.5,-0.75,24.25,-3.5,19.25,-323.75,185.5,37,26.5,20.5,14.5
0.547209,32.25,-0.875,23.625,-3.75,19.125,-295.875,192.75,37.5,26.75,20.25,14.25
0.548034,33,-1,23,-4,19,-268,200,38,27,20,14
0.548855,32.875,-1,23.5,-3.875,19.125,-253.625,213,38,26.875,20.125,14.5
0.549675,32.75,-1,24,-3.75,19.25,-239.25,226,38,26.75,20.25,15
0.550496,32.625,-1,24.5,-3.625,19.375,-224.875,239,38,26.625,20.375,15.5
0.551316,32.5,-1,25,-3.5,19.5,-210.5,252,38,26.5,20.5,16
0.552137,32.375,-1,25.5,-3.375,19.625,-196.125,265,38,26.375,20.625,16.5
0.552957,32.25,-1,26,-3.25,19.75,-181.75,278,38,26.25,20.75,17
0.553778,32.125,-1,26.5,-3.125,19.875,-167.375,291,38,26.125,20.875,17.5
0.554599,32,-1,27,-3,20,-153,304,38,26,21,18
0.555419,31.75,-0.625,27.125,-3.25,19.625,-144.75,328.25,38.375,26.125,21.25,17.875
0.55624,31.5,-0.25,27.25,-3.5,19.25,-136.5,352.5,38.75,26.25,21.5,17.75
0.55706,31.25,0.125,27.375,-3.75,18.875,-128.25,376.75,39.125,26.375,21.75,17.625
0.557881,31,0.5,27.5,-4,18.5,-120,401,39.5,26.5,22,17.5
0.558701,30.75,0.875,27.625,-4.25,18.125,-111.75,425.25,39.875,26.625,22.25,17.375
0.559522,30.5,1.25,27.75,-4.5,17.75,-103.5,449.5,40.25,26.75,22.5,17.25
0.560342,30.25,1.625,27.875,-4.75,17.375,-95.25,473.75,40.625,26.875,22.75,17.125
0.561163,30,2,28,-5,17,-87,498,41,27,23,17
0.561983,30,2,27.75,-5.25,17.5,-82.75,542.375,40.5,27.25,22.625,16.875
0.562804,30,2,27.5,-5.5,18,-78.5,586.75,40,27.5,22.25,16.75
0.563624,30,2,27.25,-5.75,18.5,-74.25,631.125,39.5,27.75,21.875,16.625
0.564445,30,2,27,-6,19,-70,675.5,39,28,21.5,16.5
0.565265,30,2,26.75,-6.25,19.5,-65.75,719.875,38.5,28.25,21.125,16.375
0.566086,30,2,26.5,-6.5,20,-61.5,764.25,38,28.5,20.75,16.25
0.566907,30,2,26.25,-6.75,20.5,-57.25,808.625,37.5,28.75,20.375,16.125
0.567728,30,2,26,-7,21,-53,853,37,29,20,16
0.568549,30,1.875,26,-6.375,21.125,-50.5,938.75,37.5,28.875,20,16.125
0.569369,30,1.75,26,-5.75,21.25,-48,1024.5,38,28.75,20,16.25
0.57019,30,1.625,26,-5.125,21.375,-45.5,1110.25,38.5,28.625,20,16.375
0.57101,30,1.5,26,-4.5,21.5,-43,1196,39,28.5,20,16.5
0.571831,30,1.375,26,-3.875,21.625,-40.5,1281.75,39.5,28.375,20,16.625
0.572651,30,1.25,26,-3.25,21.75,-38,1367.5,40,28.25,20,16.75
0.573472,30,1.125,26,-2.625,21.875,-35.5,1453.25,40.5,28.125,20,16.875
0.574292,30,1,26,-2,22,-33,1539,41,28,20,17
0.575108,30.125,0.875,25.625,-2.125,21.5,-31.5,1688,41.25,27.75,20,17.375
0.575924,30.25,0.75,25.25,-2.25,21,-30,1837,41.5,27.5,20,17.75
0.57674,30.375,0.625,24.875,-2.375,20.5,-28.5,1986,41.75,27.25,20,18.125
0.577557,30.5,0.5,24.5,-2.5,20,-27,2135,42,27,20,18.5
0.578373,30.625,0.375,24.125,-2.625,19.5,-25.5,2284,42.25,26.75,20,18.875
0.579189,30.75,0.25,23.75,-2.75,19,-24,2433,42.5,26.5,20,19.25
0.580005,30.875,0.125,23.375,-2.875,18.5,-22.5,2582,42.75,26.25,20,19.625
0.580821,31,0,23,-3,18,-21,2731,43,26,20,20
0.581637,31.25,0.375,23.375,-3,18.125,-20.25,2876.375,43.625,26.25,20.125,19.375
0.582453,31.5,0.75,23.75,-3,18.25,-19.5,3021.75,44.25,26.5,20.25,18.75
0.583269,31.75,1.125,24.125,-3,18.375,-18.75,3167.125,44.875,26.75,20.375,18.125
0.584085,32,1.5,24.5,-3,18.5,-18,3312.5,45.5,27,20.5,17.5
0.584901,32.25,1.875,24.875,-3,18.625,-17.25,3457.875,46.125,27.25,20.625,16.875
0.585717,32.5,2.25,25.25,-3,18.75,-16.5,3603.25,46.75,27.5,20.75,16.25
0.586533,32.75,2.625,25.625,-3,18.875,-15.75,3748.625,47.375,27.75,20.875,15.625
0.587349,33,3,26,-3,19,-15,3894,48,28,21,15
0.588166,33,2.375,26.375,-3.125,19.25,-14,3709.25,48.375,27.875,21.25,15.25
0.588982,33,1.75,26.75,-3.25,19.5,-13,3524.5,48.75,27.75,21.5,15.5
0.589798,33,1.125,27.125,-3.375,19.75,-12,3339.75,49.125,27.625,21.75,15.75
0.590614,33,0.5,27.5,-3.5,20,-11,3155,49.5,27.5,22,16
0.59143,33,-0.125,27.875,-3.625,20.25,-10,2970.25,49.875,27.375,22.25,16.25
0.592246,33,-0.75,28.25,-3.75,20.5,-9,2785.5,50.25,27.25,22.5,16.5
0.593062,33,-1.375,28.625,-3.875,20.75,-8,2600.75,50.625,27.125,22.75,16.75
0.593878,33,-2,29,-4,21,-7,2416,51,27,23,17
0.594694,32.625,-1.75,28.5,-3.75,21,-6.5,1860.5,51.625,27.125,22.75,17
0.59551,32.25,-1.5,28,-3.5,21,-6,1305,52.25,27.25,22.5,17
0.596326,31.875,-1.25,27.5,-3.25,21,-5.5,749.5,52.875,27.375,22.25,17
0.597142,31.5,-1,27,-3,21,-5,194,53.5,27.5,22,17
0.597958,31.125,-0.75,26.5,-2.75,21,-4.5,-361.5,54.125,27.625,21.75,17
0.598774,30.75,-0.5,26,-2.5,21,-4,-917,54.75,27.75,21.5,17
0.59959,30.375,-0.25,25.5,-2.25,21,-3.5,-1472.5,55.375,27.875,21.25,17
0.600406,30,0,25,-2,21,-3,-2028,56,28,21,17
0.601222,30.5,0.125,25,-2,20.75,-3,-2285.375,57,28,21.375,17
0.602038,31,0.25,25,-2,20.5,-3,-2542.75,58,28,21.75,17
0.602854,31.5,0.375,25,-2,20.25,-3,-2800.125,59,28,22.125,17
0.60367,32,0.5,25,-2,20,-3,-3057.5,60,28,22.5,17
0.604487,32.5,0.625,25,-2,19.75,-3,-3314.875,61,28,22.875,17
0.605303,33,0.75,25,-2,19.5,-3,-3572.25,62,28,23.25,17
0.606119,33.5,0.875,25,-2,19.25,-3,-3829.625,63,28,23.625,17
0.606935,34,1,25,-2,19,-3,-4087,64,28,24,17
0.607756,33.875,1,25.25,-1.75,18.875,-2.25,-3945.25,64.875,28.25,23.875,17
0.608577,33.75,1,25.5,-1.5,18.75,-1.5,-3803.5,65.75,28.5,23.75,17
0.609398,33.625,1,25.75,-1.25,18.625,-0.75,-3661.75,66.625,28.75,23.625,17
0.610218,33.5,1,26,-1,18.5,0,-3520,67.5,29,23.5,17
0.611039,33.375,1,26.25,-0.75,18.375,0.75,-3378.25,68.375,29.25,23.375,17
0.611859,33.25,1,26.5,-0.5,18.25,1.5,-3236.5,69.25,29.5,23.25,17
0.61268,33.125,1,26.75,-0.25,18.125,2.25,-3094.75,70.125,29.75,23.125,17
0.6135,33,1,27,0,18,3,-2953,71,30,23,17
0.614316,32.375,0.875,26.75,-0.625,18.375,3.125,-2783.125,73,30,23,16.875
0.615132,31.75,0.75,26.5,-1.25,18.75,3.25,-2613.25,75,30,23,16.75
0.615948,31.125,0.625,26.25,-1.875,19.125,3.375,-2443.375,77,30,23,16.625
0.616764,30.5,0.5,26,-2.5,19.5,3.5,-2273.5,79,30,23,16.5
0.61758,29.875,0.375,25.75,-3.125,19.875,3.625,-2103.625,81,30,23,16.375
0.618396,29.25,0.25,25.5,-3.75,20.25,3.75,-1933.75,83,30,23,16.25
0.619212,28.625,0.125,25.25,-4.375,20.625,3.875,-1763.875,85,30,23,16.125
0.620028,28,0,25,-5,21,4,-1594,87,30,23,16
0.620844,28.25,-0.125,25.25,-5,20.75,4,-1497.25,90,29.75,22.875,15.75
0.62166,28.5,-0.25,25.5,-5,20.5,4,-1400.5,93,29.5,22.75,15.5
0.622476,28.75,-0.375,25.75,-5,20.25,4,-1303.75,96,29.25,22.625,15.25
0.623293,29,-0.5,26,-5,20,4,-1207,99,29,22.5,15
0.624109,29.25,-0.625,26.25,-5,19.75,4,-1110.25,102,28.75,22.375,14.75
0.624925,29.5,-0.75,26.5,-5,19.5,4,-1013.5,105,28.5,22.25,14.5
0.625741,29.75,-0.875,26.75,-5,19.25,4,-916.75,108,28.25,22.125,14.25
0.626557,30,-1,27,-5,19,4,-820,111,28,22,14
0.627368,30.125,-0.75,27.125,-4.875,19.625,4.25,-771,115.75,28.625,22.375,14.375
0.62818,30.25,-0.5,27.25,-4.75,20.25,4.5,-722,120.5,29.25,22.75,14.75
0.628991,30.375,-0.25,27.375,-4.625,20.875,4.75,-673,125.25,29.875,23.125,15.125
0.629803,30.5,0,27.5,-4.5,21.5,5,-624,130,30.5,23.5,15.5
0.630615,30.625,0.25,27.625,-4.375,22.125,5.25,-575,134.75,31.125,23.875,15.875
0.631426,30.75,0.5,27.75,-4.25,22.75,5.5,-526,139.5,31.75,24.25,16.25
0.632238,30.875,0.75,27.875,-4.125,23.375,5.75,-477,144.25,32.375,24.625,16.625
0.633049,31,1,28,-4,24,6,-428,149,33,25,17
0.63386,31.375,1.25,27.5,-3.25,24,6,-403.625,156.375,32.625,24.375,17
0.634672,31.75,1.5,27,-2.5,24,6,-379.25,163.75,32.25,23.75,17
0.635484,32.125,1.75,26.5,-1.75,24,6,-354.875,171.125,31.875,23.125,17
0.636295,32.5,2,26,-1,24,6,-330.5,178.5,31.5,22.5,17
0.637107,32.875,2.25,25.5,-0.25,24,6,-306.125,185.875,31.125,21.875,17
0.637918,33.25,2.5,25,0.5,24,6,-281.75,193.25,30.75,21.25,17
0.638729,33.625,2.75,24.5,1.25,24,6,-257.375,200.625,30.375,20.625,17
0.639541,34,3,24,2,24,6,-233,208,30,20,17
0.640353,33.75,2.75,24,1.5,23.875,5.875,-219.75,221,30.125,20.25,16.75
0.641165,33.5,2.5,24,1,23.75,5.75,-206.5,234,30.25,20.5,16.5
0.641976,33.25,2.25,24,0.5,23.625,5.625,-193.25,247,30.375,20.75,16.25
0.642788,33,2,24,0,23.5,5.5,-180,260,30.5,21,16
0.643599,32.75,1.75,24,-0.5,23.375,5.375,-166.75,273,30.625,21.25,15.75
0.644411,32.5,1.5,24,-1,23.25,5.25,-153.5,286,30.75,21.5,15.5
0.645223,32.25,1.25,24,-1.5,23.125,5.125,-140.25,299,30.875,21.75,15.25
0.646034,32,1,24,-2,23,5,-127,312,31,22,15
0.646845,31.875,1.125,23.875,-2.375,22.75,5.25,-120,335.625,31.25,21.75,15.125
0.647657,31.75,1.25,23.75,-2.75,22.5,5.5,-113,359.25,31.5,21.5,15.25
0.648469,31.625,1.375,23.625,-3.125,22.25,5.75,-106,382.875,31.75,21.25,15.375
0.64928,31.5,1.5,23.5,-3.5,22,6,-99,406.5,32,21,15.5
0.650092,31.375,1.625,23.375,-3.875,21.75,6.25,-92,430.125,32.25,20.75,15.625
0.650903,31.25,1.75,23.25,-4.25,21.5,6.5,-85,453.75,32.5,20.5,15.75
0.651714,31.125,1.875,23.125,-4.625,21.25,6.75,-78,477.375,32.75,20.25,15.875
0.652526,31,2,23,-5,21,7,-71,501,33,20,16
0.653338,30.875,1.875,23.5,-4.875,20.625,6.875,-67.25,545.375,33.125,20,16
0.65415,30.75,1.75,24,-4.75,20.25,6.75,-63.5,589.75,33.25,20,16
0.654961,30.625,1.625,24.5,-4.625,19.875,6.625,-59.75,634.125,33.375,20,16
0.655773,30.5,1.5,25,-4.5,19.5,6.5,-56,678.5,33.5,20,16
0.656585,30.375,1.375,25.5,-4.375,19.125,6.375,-52.25,722.875,33.625,20,16
0.657396,30.25,1.25,26,-4.25,18.75,6.25,-48.5,767.25,33.75,20,16
0.658208,30.125,1.125,26.5,-4.125,18.375,6.125,-44.75,811.625,33.875,20,16
0.659019,30,1,27,-4,18,6,-41,856,34,20,16
0.659826,30.25,0.625,27.25,-3.75,18.25,6.375,-38.375,939.75,34.375,20.5,16
0.660633,30.5,0.25,27.5,-3.5,18.5,6.75,-35.75,1023.5,34.75,21,16
0.66144,30.75,-0.125,27.75,-3.25,18.75,7.125,-33.125,1107.25,35.125,21.5,16
0.662247,31,-0.5,28,-3,19,7.5,-30.5,1191,35.5,22,16
0.663054,31.25,-0.875,28.25,-2.75,19.25,7.875,-27.875,1274.75,35.875,22.5,16
0.663861,31.5,-1.25,28.5,-2.5,19.5,8.25,-25.25,1358.5,36.25,23,16
0.664668,31.75,-1.625,28.75,-2.25,19.75,8.625,-22.625,1442.25,36.625,23.5,16
0.665475,32,-2,29,-2,20,9,-20,1526,37,24,16
0.666282,32.125,-1.5,28.375,-2.125,20.125,8.625,-18.125,1671.125,37.125,23.875,16.125
0.66709,32.25,-1,27.75,-2.25,20.25,8.25,-16.25,1816.25,37.25,23.75,16.25
0.667897,32.375,-0.5,27.125,-2.375,20.375,7.875,-14.375,1961.375,37.375,23.625,16.375
0.668704,32.5,0,26.5,-2.5,20.5,7.5,-12.5,2106.5,37.5,23.5,16.5
0.669511,32.625,0.5,25.875,-2.625,20.625,7.125,-10.625,2251.625,37.625,23.375,16.625
0.670318,32.75,1,25.25,-2.75,20.75,6.75,-8.75,2396.75,37.75,23.25,16.75
0.671125,32.875,1.5,24.625,-2.875,20.875,6.375,-6.875,2541.875,37.875,23.125,16.875
0.671932,33,2,24,-3,21,6,-5,2687,38,23,17
0.672735,32.875,2.125,24.375,-3.25,20.75,6,-3.75,2842.625,38.25,23.125,17
0.673537,32.75,2.25,24.75,-3.5,20.5,6,-2.5,2998.25,38.5,23.25,17
0.67434,32.625,2.375,25.125,-3.75,20.25,6,-1.25,3153.875,38.75,23.375,17
0.675142,32.5,2.5,25.5,-4,20,6,0,3309.5,39,23.5,17
0.675944,32.375,2.625,25.875,-4.25,19.75,6,1.25,3465.125,39.25,23.625,17
0.676747,32.25,2.75,26.25,-4.5,19.5,6,2.5,3620.75,39.5,23.75,17
0.67755,32.125,2.875,26.625,-4.75,19.25,6,3.75,3776.375,39.75,23.875,17
0.678352,32,3,27,-5,19,6,5,3932,40,24,17
0.679159,31.75,2.625,27.125,-4.75,19.125,6.125,5.375,3794.375,40.625,23.875,17
0.679966,31.5,2.25,27.25,-4.5,19.25,6.25,5.75,3656.75,41.25,23.75,17
0.680773,31.25,1.875,27.375,-4.25,19.375,6.375,6.125,3519.125,41.875,23.625,17
0.68158,31,1.5,27.5,-4,19.5,6.5,6.5,3381.5,42.5,23.5,17
0.682387,30.75,1.125,27.625,-3.75,19.625,6.625,6.875,3243.875,43.125,23.375,17
0.683194,30.5,0.75,27.75,-3.5,19.75,6.75,7.25,3106.25,43.75,23.25,17
0.684001,30.25,0.375,27.875,-3.25,19.875,6.875,7.625,2968.625,44.375,23.125,17
0.684808,30,0,28,-3,20,7,8,2831,45,23,17
0.685611,30.125,0,27.625,-3,20.625,7.375,8.375,2284.625,45.875,22.875,16.875
0.686413,30.25,0,27.25,-3,21.25,7.75,8.75,1738.25,46.75,22.75,16.75
0.687215,30.375,0,26.875,-3,21.875,8.125,9.125,1191.875,47.625,22.625,16.625
0.688018,30.5,0,26.5,-3,22.5,8.5,9.5,645.5,48.5,22.5,16.5
0.688821,30.625,0,26.125,-3,23.125,8.875,9.875,99.125,49.375,22.375,16.375
0.689623,30.75,0,25.75,-3,23.75,9.25,10.25,-447.25,50.25,22.25,16.25
0.690426,30.875,0,25.375,-3,24.375,9.625,10.625,-993.625,51.125,22.125,16.125
0.691229,31,0,25,-3,25,10,11,-1540,52,22,16
0.692027,30.875,0,25.375,-3.25,24.625,9.625,11.375,-1865.5,52.5,22.625,16.125
0.692825,30.75,0,25.75,-3.5,24.25,9.25,11.75,-2191,53,23.25,16.25
0.693623,30.625,0,26.125,-3.75,23.875,8.875,12.125,-2516.5,53.5,23.875,16.375
0.694421,30.5,0,26.5,-4,23.5,8.5,12.5,-2842,54,24.5,16.5
0.695219,30.375,0,26.875,-4.25,23.125,8.125,12.875,-3167.5,54.5,25.125,16.625
0.696017,30.25,0,27.25,-4.5,22.75,7.75,13.25,-3493,55,25.75,16.75
0.696815,30.125,0,27.625,-4.75,22.375,7.375,13.625,-3818.5,55.5,26.375,16.875
0.697613,30,0,28,-5,22,7,14,-4144,56,27,17
0.698411,30,-0.125,27.5,-4.875,21.5,7,14.125,-4036,57.375,26.375,16.875
0.699209,30,-0.25,27,-4.75,21,7,14.25,-3928,58.75,25.75,16.75
0.700007,30,-0.375,26.5,-4.625,20.5,7,14.375,-3820,60.125,25.125,16.625
0.700805,30,-0.5,26,-4.5,20,7,14.5,-3712,61.5,24.5,16.5
0.701603,30,-0.625,25.5,-4.375,19.5,7,14.625,-3604,62.875,23.875,16.375
0.702401,30,-0.75,25,-4.25,19,7,14.75,-3496,64.25,23.25,16.25
0.703199,30,-0.875,24.5,-4.125,18.5,7,14.875,-3388,65.625,22.625,16.125
0.703997,30,-1,24,-4,18,7,15,-3280,67,22,16
0.704795,29.875,-0.75,24.25,-3.875,18.125,6.875,15.5,-3100.375,68.875,22.375,15.875
0.705593,29.75,-0.5,24.5,-3.75,18.25,6.75,16,-2920.75,70.75,22.75,15.75
0.706391,29.625,-0.25,24.75,-3.625,18.375,6.625,16.5,-2741.125,72.625,23.125,15.625
0.707189,29.5,0,25,-3.5,18.5,6.5,17,-2561.5,74.5,23.5,15.5
0.707987,29.375,0.25,25.25,-3.375,18.625,6.375,17.5,-2381.875,76.375,23.875,15.375
0.708785,29.25,0.5,25.5,-3.25,18.75,6.25,18,-2202.25,78.25,24.25,15.25
0.709583,29.125,0.75,25.75,-3.125,18.875,6.125,18.5,-2022.625,80.125,24.625,15.125
0.710381,29,1,26,-3,19,6,19,-1843,82,25,15
0.711179,29.25,1,26,-2.875,19.125,6.375,19,-1731.875,84.5,25,15.125
0.711977,29.5,1,26,-2.75,19.25,6.75,19,-1620.75,87,25,15.25
0.712775,29.75,1,26,-2.625,19.375,7.125,19,-1509.625,89.5,25,15.375
0.713573,30,1,26,-2.5,19.5,7.5,19,-1398.5,92,25,15.5
0.714371,30.25,1,26,-2.375,19.625,7.875,19,-1287.375,94.5,25,15.625
0.715169,30.5,1,26,-2.25,19.75,8.25,19,-1176.25,97,25,15.75
0.715967,30.75,1,26,-2.125,19.875,8.625,19,-1065.125,99.5,25,15.875
0.716765,31,1,26,-2,20,9,19,-954,102,25,16
0.717563,31.25,1.125,26.25,-1.75,19.75,8.875,19,-895.875,107,25.25,16.625
0.718361,31.5,1.25,26.5,-1.5,19.5,8.75,19,-837.75,112,25.5,17.25
0.719159,31.75,1.375,26.75,-1.25,19.25,8.625,19,-779.625,117,25.75,17.875
0.719958,32,1.5,27,-1,19,8.5,19,-721.5,122,26,18.5
0.720756,32.25,1.625,27.25,-0.75,18.75,8.375,19,-663.375,127,26.25,19.125
0.721554,32.5,1.75,27.5,-0.5,18.5,8.25,19,-605.25,132,26.5,19.75
0.722352,32.75,1.875,27.75,-0.25,18.25,8.125,19,-547.125,137,26.75,20.375
0.72315,33,2,28,0,18,8,19,-489,142,27,21
0.723948,32.75,1.75,27.875,-0.5,18.25,7.75,19.25,-460.5,149.875,27,21
0.724746,32.5,1.5,27.75,-1,18.5,7.5,19.5,-432,157.75,27,21
0.725544,32.25,1.25,27.625,-1.5,18.75,7.25,19.75,-403.5,165.625,27,21
0.726342,32,1,27.5,-2,19,7,20,-375,173.5,27,21
0.72714,31.75,0.75,27.375,-2.5,19.25,6.75,20.25,-346.5,181.375,27,21
0.727938,31.5,0.5,27.25,-3,19.5,6.5,20.5,-318,189.25,27,21
0.728736,31.25,0.25,27.125,-3.5,19.75,6.25,20.75,-289.5,197.125,27,21
0.729534,31,0,27,-4,20,6,21,-261,205,27,21
0.730332,31.125,0.125,26.875,-3.875,20.125,6.75,21.125,-246.25,217,27.125,20.25
0.73113,31.25,0.25,26.75,-3.75,20.25,7.5,21.25,-231.5,229,27.25,19.5
0.731928,31.375,0.375,26.625,-3.625,20.375,8.25,21.375,-216.75,241,27.375,18.75
0.732726,31.5,0.5,26.5,-3.5,20.5,9,21.5,-202,253,27.5,18
0.733524,31.625,0.625,26.375,-3.375,20.625,9.75,21.625,-187.25,265,27.625,17.25
0.734322,31.75,0.75,26.25,-3.25,20.75,10.5,21.75,-172.5,277,27.75,16.5
0.73512,31.875,0.875,26.125,-3.125,20.875,11.25,21.875,-157.75,289,27.875,15.75
0.735918,32,1,26,-3,21,12,22,-143,301,28,15
0.736711,32.125,0.875,25.625,-3.125,20.875,12,21.875,-134.75,324.25,28.125,15.625
0.737505,32.25,0.75,25.25,-3.25,20.75,12,21.75,-126.5,347.5,28.25,16.25
0.738298,32.375,0.625,24.875,-3.375,20.625,12,21.625,-118.25,370.75,28.375,16.875
0.739092,32.5,0.5,24.5,-3.5,20.5,12,21.5,-110,394,28.5,17.5
0.739885,32.625,0.375,24.125,-3.625,20.375,12,21.375,-101.75,417.25,28.625,18.125
0.740679,32.75,0.25,23.75,-3.75,20.25,12,21.25,-93.5,440.5,28.75,18.75
0.741472,32.875,0.125,23.375,-3.875,20.125,12,21.125,-85.25,463.75,28.875,19.375
0.742266,33,0,23,-4,20,12,21,-77,487,29,20
0.743059,33,0,23.5,-3.5,20.25,11.5,21.5,-72.125,529.625,29.125,19.625
0.743853,33,0,24,-3,20.5,11,22,-67.25,572.25,29.25,19.25
0.744646,33,0,24.5,-2.5,20.75,10.5,22.5,-62.375,614.875,29.375,18.875
0.74544,33,0,25,-2,21,10,23,-57.5,657.5,29.5,18.5
0.746233,33,0,25.5,-1.5,21.25,9.5,23.5,-52.625,700.125,29.625,18.125
0.747027,33,0,26,-1,21.5,9,24,-47.75,742.75,29.75,17.75
0.74782,33,0,26.5,-0.5,21.75,8.5,24.5,-42.875,785.375,29.875,17.375
0.748614,33,0,27,0,22,8,25,-38,828,30,17
0.749408,32.75,-0.25,27.125,-0.75,22,7.875,24.5,-35.125,909.125,30.125,17.125
0.750201,32.5,-0.5,27.25,-1.5,22,7.75,24,-32.25,990.25,30.25,17.25
0.750995,32.25,-0.75,27.375,-2.25,22,7.625,23.5,-29.375,1071.375,30.375,17.375
0.751788,32,-1,27.5,-3,22,7.5,23,-26.5,1152.5,30.5,17.5
0.752582,31.75,-1.25,27.625,-3.75,22,7.375,22.5,-23.625,1233.625,30.625,17.625
0.753375,31.5,-1.5,27.75,-4.5,22,7.25,22,-20.75,1314.75,30.75,17.75
0.754169,31.25,-1.75,27.875,-5.25,22,7.125,21.5,-17.875,1395.875,30.875,17.875
0.754963,31,-2,28,-6,22,7,21,-15,1477,31,18
0.755756,31.5,-1.75,27.75,-5.5,21.5,7.375,21.125,-13.5,1622.125,31.25,17.875
0.75655,32,-1.5,27.5,-5,21,7.75,21.25,-12,1767.25,31.5,17.75
0.757343,32.5,-1.25,27.25,-4.5,20.5,8.125,21.375,-10.5,1912.375,31.75,17.625
0.758137,33,-1,27,-4,20,8.5,21.5,-9,2057.5,32,17.5
0.75893,33.5,-0.75,26.75,-3.5,19.5,8.875,21.625,-7.5,2202.625,32.25,17.375
0.759724,34,-0.5,26.5,-3,19,9.25,21.75,-6,2347.75,32.5,17.25
0.760517,34.5,-0.25,26.25,-2.5,18.5,9.625,21.875,-4.5,2492.875,32.75,17.125
0.761311,35,0,26,-2,18,10,22,-3,2638,33,17
0.7621,34.5,0.125,26,-2.375,18.375,9.625,22.125,-1.125,2717.375,33.875,17.125
0.762889,34,0.25,26,-2.75,18.75,9.25,22.25,0.75,2796.75,34.75,17.25
0.763678,33.5,0.375,26,-3.125,19.125,8.875,22.375,2.625,2876.125,35.625,17.375
0.764467,33,0.5,26,-3.5,19.5,8.5,22.5,4.5,2955.5,36.5,17.5
0.765256,32.5,0.625,26,-3.875,19.875,8.125,22.625,6.375,3034.875,37.375,17.625
0.766045,32,0.75,26,-4.25,20.25,7.75,22.75,8.25,3114.25,38.25,17.75
0.766834,31.5,0.875,26,-4.625,20.625,7.375,22.875,10.125,3193.625,39.125,17.875
0.767623,31,1,26,-5,21,7,23,12,3273,40,18
0.768412,30.625,0.75,26.125,-4.625,21.125,6.75,23.25,12.5,3273,39.75,18.125
0.769201,30.25,0.5,26.25,-4.25,21.25,6.5,23.5,13,3273,39.5,18.25
0.76999,29.875,0.25,26.375,-3.875,21.375,6.25,23.75,13.5,3273,39.25,18.375
0.770779,29.5,0,26.5,-3.5,21.5,6,24,14,3273,39,18.5
0.771568,29.125,-0.25,26.625,-3.125,21.625,5.75,24.25,14.5,3273,38.75,18.625
0.772357,28.75,-0.5,26.75,-2.75,21.75,5.5,24.5,15,3273,38.5,18.75
0.773146,28.375,-0.75,26.875,-2.375,21.875,5.25,24.75,15.5,3273,38.25,18.875
0.773935,28,-1,27,-2,22,5,25,16,3273,38,19
0.774724,28.625,-0.875,26.75,-2.375,22,5.75,24.75,16.375,2705.875,38.5,18.875
0.775513,29.25,-0.75,26.5,-2.75,22,6.5,24.5,16.75,2138.75,39,18.75
0.776302,29.875,-0.625,26.25,-3.125,22,7.25,24.25,17.125,1571.625,39.5,18.625
0.777091,30.5,-0.5,26,-3.5,22,8,24,17.5,1004.5,40,18.5
0.77788,31.125,-0.375,25.75,-3.875,22,8.75,23.75,17.875,437.375,40.5,18.375
0.778669,31.75,-0.25,25.5,-4.25,22,9.5,23.5,18.25,-129.75,41,18.25
0.779458,32.375,-0.125,25.25,-4.625,22,10.25,23.25,18.625,-696.875,41.5,18.125
0.780247,33,0,25,-5,22,11,23,19,-1264,42,18
0.781036,33.125,0.25,25.375,-4.5,21.875,10.375,23,19,-1660.5,43.125,18.375
0.781825,33.25,0.5,25.75,-4,21.75,9.75,23,19,-2057,44.25,18.75
0.782614,33.375,0.75,26.125,-3.5,21.625,9.125,23,19,-2453.5,45.375,19.125
0.783403,33.5,1,26.5,-3,21.5,8.5,23,19,-2850,46.5,19.5
0.784192,33.625,1.25,26.875,-2.5,21.375,7.875,23,19,-3246.5,47.625,19.875
0.784981,33.75,1.5,27.25,-2,21.25,7.25,23,19,-3643,48.75,20.25
0.78577,33.875,1.75,27.625,-1.5,21.125,6.625,23,19,-4039.5,49.875,20.625
0.786559,34,2,28,-1,21,6,23,19,-4436,51,21
0.787348,33.875,1.75,28.125,-1.125,21.125,6.375,22.875,19.125,-4320.125,52.25,20.75
0.788137,33.75,1.5,28.25,-1.25,21.25,6.75,22.75,19.25,-4204.25,53.5,20.5
0.788926,33.625,1.25,28.375,-1.375,21.375,7.125,22.625,19.375,-4088.375,54.75,20.25
0.789715,33.5,1,28.5,-1.5,21.5,7.5,22.5,19.5,-3972.5,56,20
0.790504,33.375,0.75,28.625,-1.625,21.625,7.875,22.375,19.625,-3856.625,57.25,19.75
0.791293,33.25,0.5,28.75,-1.75,21.75,8.25,22.25,19.75,-3740.75,58.5,19.5
0.792082,33.125,0.25,28.875,-1.875,21.875,8.625,22.125,19.875,-3624.875,59.75,19.25
0.792871,33,0,29,-2,22,9,22,20,-3509,61,19
0.79366,32.875,0.125,28.375,-2.25,21.375,8.875,22,20.375,-3318.375,62.375,18.875
0.794449,32.75,0.25,27.75,-2.5,20.75,8.75,22,20.75,-3127.75,63.75,18.75
0.795238,32.625,0.375,27.125,-2.75,20.125,8.625,22,21.125,-2937.125,65.125,18.625
0.796027,32.5,0.5,26.5,-3,19.5,8.5,22,21.5,-2746.5,66.5,18.5
0.796816,32.375,0.625,25.875,-3.25,18.875,8.375,22,21.875,-2555.875,67.875,18.375
0.797605,32.25,0.75,25.25,-3.5,18.25,8.25,22,22.25,-2365.25,69.25,18.25
0.798394,32.125,0.875,24.625,-3.75,17.625,8.125,22,22.625,-2174.625,70.625,18.125
0.799183,32,1,24,-4,17,8,22,23,-1984,72,18
0.799972,32.25,0.875,24.375,-3.75,17.625,7.875,22.25,23.125,-1865.375,74.25,17.875
0.800761,32.5,0.75,24.75,-3.5,18.25,7.75,22.5,23.25,-1746.75,76.5,17.75
0.80155,32.75,0.625,25.125,-3.25,18.875,7.625,22.75,23.375,-1628.125,78.75,17.625
0.802339,33,0.5,25.5,-3,19.5,7.5,23,23.5,-1509.5,81,17.5
0.803128,33.25,0.375,25.875,-2.75,20.125,7.375,23.25,23.625,-1390.875,83.25,17.375
0.803917,33.5,0.25,26.25,-2.5,20.75,7.25,23.5,23.75,-1272.25,85.5,17.25
0.804706,33.75,0.125,26.625,-2.25,21.375,7.125,23.75,23.875,-1153.625,87.75,17.125
0.805495,34,0,27,-2,22,7,24,24,-1035,90,17
0.80628,33.75,0,26.75,-2.25,21.625,6.875,24.125,23.875,-972.5,94,17.5
0.807064,33.5,0,26.5,-2.5,21.25,6.75,24.25,23.75,-910,98,18
0.807849,33.25,0,26.25,-2.75,20.875,6.625,24.375,23.625,-847.5,102,18.5
0.808634,33,0,26,-3,20.5,6.5,24.5,23.5,-785,106,19
0.809419,32.75,0,25.75,-3.25,20.125,6.375,24.625,23.375,-722.5,110,19.5
0.810203,32.5,0,25.5,-3.5,19.75,6.25,24.75,23.25,-660,114,20
0.810987,32.25,0,25.25,-3.75,19.375,6.125,24.875,23.125,-597.5,118,20.5
0.811772,32,0,25,-4,19,6,25,23,-535,122,21
0.812557,32.125,0,25,-3.75,19.625,5.75,24.75,23.25,-504.25,129,21
0.813341,32.25,0,25,-3.5,20.25,5.5,24.5,23.5,-473.5,136,21
0.814126,32.375,0,25,-3.25,20.875,5.25,24.25,23.75,-442.75,143,21
0.81491,32.5,0,25,-3,21.5,5,24,24,-412,150,21
0.815694,32.625,0,25,-2.75,22.125,4.75,23.75,24.25,-381.25,157,21
0.816479,32.75,0,25,-2.5,22.75,4.5,23.5,24.5,-350.5,164,21
0.817263,32.875,0,25,-2.25,23.375,4.25,23.25,24.75,-319.75,171,21
0.818048,33,0,25,-2,24,4,23,25,-289,178,21
0.818833,32.375,-0.125,25.25,-2.375,23.5,4.125,23,25.5,-272.625,187.875,20.875
0.819617,31.75,-0.25,25.5,-2.75,23,4.25,23,26,-256.25,197.75,20.75
0.820402,31.125,-0.375,25.75,-3.125,22.5,4.375,23,26.5,-239.875,207.625,20.625
0.821186,30.5,-0.5,26,-3.5,22,4.5,23,27,-223.5,217.5,20.5
0.82197,29.875,-0.625,26.25,-3.875,21.5,4.625,23,27.5,-207.125,227.375,20.375
0.822755,29.25,-0.75,26.5,-4.25,21,4.75,23,28,-190.75,237.25,20.25
0.823539,28.625,-0.875,26.75,-4.625,20.5,4.875,23,28.5,-174.375,247.125,20.125
0.824324,28,-1,27,-5,20,5,23,29,-158,257,20
0.825109,28.5,-0.875,26.75,-4.625,20,5.875,23.375,28.375,-149.125,275.875,20.25
0.825893,29,-0.75,26.5,-4.25,20,6.75,23.75,27.75,-140.25,294.75,20.5
0.826677,29.5,-0.625,26.25,-3.875,20,7.625,24.125,27.125,-131.375,313.625,20.75
0.827462,30,-0.5,26,-3.5,20,8.5,24.5,26.5,-122.5,332.5,21
0.828246,30.5,-0.375,25.75,-3.125,20,9.375,24.875,25.875,-113.625,351.375,21.25
0.829031,31,-0.25,25.5,-2.75,20,10.25,25.25,25.25,-104.75,370.25,21.5
0.829816,31.5,-0.125,25.25,-2.375,20,11.125,25.625,24.625,-95.875,389.125,21.75
0.8306,32,0,25,-2,20,12,26,24,-87,408,22
0.83138,32.125,0,25,-2.25,20.125,11.625,26,24,-81.625,440.875,22.25
0.83216,32.25,0,25,-2.5,20.25,11.25,26,24,-76.25,473.75,22.5
0.83294,32.375,0,25,-2.75,20.375,10.875,26,24,-70.875,506.625,22.75
0.83372,32.5,0,25,-3,20.5,10.5,26,24,-65.5,539.5,23
0.8345,32.625,0,25,-3.25,20.625,10.125,26,24,-60.125,572.375,23.25
0.83528,32.75,0,25,-3.5,20.75,9.75,26,24,-54.75,605.25,23.5
0.83606,32.875,0,25,-3.75,20.875,9.375,26,24,-49.375,638.125,23.75
0.83684,33,0,25,-4,21,9,26,24,-44,671,24
0.83762,32.875,0.125,25.375,-3.875,21.125,9,25.5,23.875,-40.875,733.75,24
0.8384,32.75,0.25,25.75,-3.75,21.25,9,25,23.75,-37.75,796.5,24
0.83918,32.625,0.375,26.125,-3.625,21.375,9,24.5,23.625,-34.625,859.25,24
0.83996,32.5,0.5,26.5,-3.5,21.5,9,24,23.5,-31.5,922,24
0.84074,32.375,0.625,26.875,-3.375,21.625,9,23.5,23.375,-28.375,984.75,24
0.84152,32.25,0.75,27.25,-3.25,21.75,9,23,23.25,-25.25,1047.5,24
0.8423,32.125,0.875,27.625,-3.125,21.875,9,22.5,23.125,-22.125,1110.25,24
0.84308,32,1,28,-3,22,9,22,23,-19,1173,24
0.843856,32,1,27.875,-3,21.75,8.875,22,23.625,-17.125,1284.5,24.375
0.844631,32,1,27.75,-3,21.5,8.75,22,24.25,-15.25,1396,24.75
0.845406,32,1,27.625,-3,21.25,8.625,22,24.875,-13.375,1507.5,25.125
0.846182,32,1,27.5,-3,21,8.5,22,25.5,-11.5,1619,25.5
0.846957,32,1,27.375,-3,20.75,8.375,22,26.125,-9.625,1730.5,25.875
0.847732,32,1,27.25,-3,20.5,8.25,22,26.75,-7.75,1842,26.25
0.848507,32,1,27.125,-3,20.25,8.125,22,27.375,-5.875,1953.5,26.625
0.849283,32,1,27,-3,20,8,22,28,-4,2065,27
0.850059,32.25,0.875,26.875,-3,20.125,8.125,22.125,28,-3.25,2226.875,27.125
0.850834,32.5,0.75,26.75,-3,20.25,8.25,22.25,28,-2.5,2388.75,27.25
0.851609,32.75,0.625,26.625,-3,20.375,8.375,22.375,28,-1.75,2550.625,27.375
0.852385,33,0.5,26.5,-3,20.5,8.5,22.5,28,-1,2712.5,27.5
0.85316,33.25,0.375,26.375,-3,20.625,8.625,22.625,28,-0.25,2874.375,27.625
0.853936,33.5,0.25,26.25,-3,20.75,8.75,22.75,28,0.5,3036.25,27.75
0.854712,33.75,0.125,26.125,-3,20.875,8.875,22.875,28,1.25,3198.125,27.875
0.855487,34,0,26,-3,21,9,23,28,2,3360,28
0.856262,33.75,0.5,25.875,-3.25,21.125,8.75,23.125,28.25,3,3425,28.5
0.857038,33.5,1,25.75,-3.5,21.25,8.5,23.25,28.5,4,3490,29
0.857814,33.25,1.5,25.625,-3.75,21.375,8.25,23.375,28.75,5,3555,29.5
0.858589,33,2,25.5,-4,21.5,8,23.5,29,6,3620,30
0.859365,32.75,2.5,25.375,-4.25,21.625,7.75,23.625,29.25,7,3685,30.5
0.86014,32.5,3,25.25,-4.5,21.75,7.5,23.75,29.5,8,3750,31
0.860915,32.25,3.5,25.125,-4.75,21.875,7.25,23.875,29.75,9,3815,31.5
0.861691,32,4,25,-5,22,7,24,30,10,3880,32
0.862467,32,3.5,25.5,-4.75,22,7.125,23.75,29.625,10.375,3532,32.75
0.863242,32,3,26,-4.5,22,7.25,23.5,29.25,10.75,3184,33.5
0.864017,32,2.5,26.5,-4.25,22,7.375,23.25,28.875,11.125,2836,34.25
0.864793,32,2,27,-4,22,7.5,23,28.5,11.5,2488,35
0.865568,32,1.5,27.5,-3.75,22,7.625,22.75,28.125,11.875,2140,35.75
0.866344,32,1,28,-3.5,22,7.75,22.5,27.75,12.25,1792,36.5
0.86712,32,0.5,28.5,-3.25,22,7.875,22.25,27.375,12.625,1444,37.25
0.867895,32,0,29,-3,22,8,22,27,13,1096,38
0.868666,31.5,0,28.625,-3.125,21.875,8,21.875,26.875,13.625,573,38.25
0.869437,31,0,28.25,-3.25,21.75,8,21.75,26.75,14.25,50,38.5
0.870208,30.5,0,27.875,-3.375,21.625,8,21.625,26.625,14.875,-473,38.75
0.870979,30,0,27.5,-3.5,21.5,8,21.5,26.5,15.5,-996,39
0.87175,29.5,0,27.125,-3.625,21.375,8,21.375,26.375,16.125,-1519,39.25
0.872521,29,0,26.75,-3.75,21.25,8,21.25,26.25,16.75,-2042,39.5
0.873292,28.5,0,26.375,-3.875,21.125,8,21.125,26.125,17.375,-2565,39.75
0.874063,28,0,26,-4,21,8,21,26,18,-3088,40
0.874834,28.25,0.125,25.875,-4.125,21,8,21.375,26,18.5,-3216.75,41
0.875605,28.5,0.25,25.75,-4.25,21,8,21.75,26,19,-3345.5,42
0.876376,28.75,0.375,25.625,-4.375,21,8,22.125,26,19.5,-3474.25,43
0.877147,29,0.5,25.5,-4.5,21,8,22.5,26,20,-3603,44
0.877918,29.25,0.625,25.375,-4.625,21,8,22.875,26,20.5,-3731.75,45
0.878689,29.5,0.75,25.25,-4.75,21,8,23.25,26,21,-3860.5,46
0.87946,29.75,0.875,25.125,-4.875,21,8,23.625,26,21.5,-3989.25,47
0.880231,30,1,25,-5,21,8,24,26,22,-4118,48
0.881002,30.125,1,25.25,-4.875,20.875,7.875,23.875,26.125,22.75,-3951.625,49.375
0.881773,30.25,1,25.5,-4.75,20.75,7.75,23.75,26.25,23.5,-3785.25,50.75
0.882544,30.375,1,25.75,-4.625,20.625,7.625,23.625,26.375,24.25,-3618.875,52.125
0.883315,30.5,1,26,-4.5,20.5,7.5,23.5,26.5,25,-3452.5,53.5
0.884086,30.625,1,26.25,-4.375,20.375,7.375,23.375,26.625,25.75,-3286.125,54.875
0.884857,30.75,1,26.5,-4.25,20.25,7.25,23.25,26.75,26.5,-3119.75,56.25
0.885628,30.875,1,26.75,-4.125,20.125,7.125,23.125,26.875,27.25,-2953.375,57.625
0.886399,31,1,27,-4,20,7,23,27,28,-2787,59
0.887946,30.875,1.125,27,-4.125,20.25,7,23,27.25,26.875,-2631,60.5
0.889492,30.75,1.25,27,-4.25,20.5,7,23,27.5,25.75,-2475,62
0.891038,30.625,1.375,27,-4.375,20.75,7,23,27.75,24.625,-2319,63.5
0.892585,30.5,1.5,27,-4.5,21,7,23,28,23.5,-2163,65
0.894131,30.375,1.625,27,-4.625,21.25,7,23,28.25,22.375,-2007,66.5
0.895677,30.25,1.75,27,-4.75,21.5,7,23,28.5,21.25,-1851,68
0.897223,30.125,1.875,27,-4.875,21.75,7,23,28.75,20.125,-1695,69.5
0.89877,30,2,27,-5,22,7,23,29,19,-1539,71
0.899541,29.875,2,26.75,-4.875,21.625,7,23.125,29.125,19.875,-1448.375,73.625
0.900312,29.75,2,26.5,-4.75,21.25,7,23.25,29.25,20.75,-1357.75,76.25
0.901083,29.625,2,26.25,-4.625,20.875,7,23.375,29.375,21.625,-1267.125,78.875
0.901854,29.5,2,26,-4.5,20.5,7,23.5,29.5,22.5,-1176.5,81.5
0.902625,29.375,2,25.75,-4.375,20.125,7,23.625,29.625,23.375,-1085.875,84.125
0.903396,29.25,2,25.5,-4.25,19.75,7,23.75,29.75,24.25,-995.25,86.75
0.904167,29.125,2,25.25,-4.125,19.375,7,23.875,29.875,25.125,-904.625,89.375
0.904938,29,2,25,-4,19,7,24,30,26,-814,92
0.905705,29.375,2,25.25,-3.75,19.375,7.25,23.875,29.875,26,-766.75,96.5
0.906471,29.75,2,25.5,-3.5,19.75,7.5,23.75,29.75,26,-719.5,101
0.907238,30.125,2,25.75,-3.25,20.125,7.75,23.625,29.625,26,-672.25,105.5
0.908004,30.5,2,26,-3,20.5,8,23.5,29.5,26,-625,110
0.908771,30.875,2,26.25,-2.75,20.875,8.25,23.375,29.375,26,-577.75,114.5
0.909537,31.25,2,26.5,-2.5,21.25,8.5,23.25,29.25,26,-530.5,119
0.910304,31.625,2,26.75,-2.25,21.625,8.75,23.125,29.125,26,-483.25,123.5
0.91107,32,2,27,-2,22,9,23,29,26,-436,128
0.911837,31.75,1.875,27,-1.875,21.625,8.75,23.125,28.75,26.25,-411.75,134.75
0.912603,31.5,1.75,27,-1.75,21.25,8.5,23.25,28.5,26.5,-387.5,141.5
0.913369,31.25,1.625,27,-1.625,20.875,8.25,23.375,28.25,26.75,-363.25,148.25
0.914136,31,1.5,27,-1.5,20.5,8,23.5,28,27,-339,155
0.914902,30.75,1.375,27,-1.375,20.125,7.75,23.625,27.75,27.25,-314.75,161.75
0.915669,30.5,1.25,27,-1.25,19.75,7.5,23.75,27.5,27.5,-290.5,168.5
0.916435,30.25,1.125,27,-1.125,19.375,7.25,23.875,27.25,27.75,-266.25,175.25
0.917202,30,1,27,-1,19,7,24,27,28,-242,182
0.917968,30.375,0.875,26.75,-1.375,19.25,7,24,27.25,27.75,-229.75,193.75
0.918735,30.75,0.75,26.5,-1.75,19.5,7,24,27.5,27.5,-217.5,205.5
0.919501,31.125,0.625,26.25,-2.125,19.75,7,24,27.75,27.25,-205.25,217.25
0.920268,31.5,0.5,26,-2.5,20,7,24,28,27,-193,229
0.921034,31.875,0.375,25.75,-2.875,20.25,7,24,28.25,26.75,-180.75,240.75
0.921801,32.25,0.25,25.5,-3.25,20.5,7,24,28.5,26.5,-168.5,252.5
0.922567,32.625,0.125,25.25,-3.625,20.75,7,24,28.75,26.25,-156.25,264.25
0.923333,33,0,25,-4,21,7,24,29,26,-144,276
0.924099,32.625,0.25,25.125,-3.75,20.75,7.5,24,28.625,25.625,-136,296.125
0.924866,32.25,0.5,25.25,-3.5,20.5,8,24,28.25,25.25,-128,316.25
0.925632,31.875,0.75,25.375,-3.25,20.25,8.5,24,27.875,24.875,-120,336.375
0.926399,31.5,1,25.5,-3,20,9,24,27.5,24.5,-112,356.5
0.927165,31.125,1.25,25.625,-2.75,19.75,9.5,24,27.125,24.125,-104,376.625
0.927932,30.75,1.5,25.75,-2.5,19.5,10,24,26.75,23.75,-96,396.75
0.928698,30.375,1.75,25.875,-2.25,19.25,10.5,24,26.375,23.375,-88,416.875
0.929465,30,2,26,-2,19,11,24,26,23,-80,437
0.930231,30.375,1.75,25.75,-2.5,18.875,10.625,23.75,26.375,23.125,-76,473
0.930998,30.75,1.5,25.5,-3,18.75,10.25,23.5,26.75,23.25,-72,509
0.931764,31.125,1.25,25.25,-3.5,18.625,9.875,23.25,27.125,23.375,-68,545
0.932531,31.5,1,25,-4,18.5,9.5,23,27.5,23.5,-64,581
0.933298,31.875,0.75,24.75,-4.5,18.375,9.125,22.75,27.875,23.625,-60,617
0.934064,32.25,0.5,24.5,-5,18.25,8.75,22.5,28.25,23.75,-56,653
0.934831,32.625,0.25,24.25,-5.5,18.125,8.375,22.25,28.625,23.875,-52,689
0.935597,33,0,24,-6,18,8,22,29,24,-48,725
0.936364,33,0.125,24.25,-5.75,18.5,8,22.125,28.75,24.25,-45.5,791
0.93713,33,0.25,24.5,-5.5,19,8,22.25,28.5,24.5,-43,857
0.937897,33,0.375,24.75,-5.25,19.5,8,22.375,28.25,24.75,-40.5,923
0.938663,33,0.5,25,-5,20,8,22.5,28,25,-38,989
0.93943,33,0.625,25.25,-4.75,20.5,8,22.625,27.75,25.25,-35.5,1055
0.940196,33,0.75,25.5,-4.5,21,8,22.75,27.5,25.5,-33,1121
0.940963,33,0.875,25.75,-4.25,21.5,8,22.875,27.25,25.75,-30.5,1187
0.941729,33,1,26,-4,22,8,23,27,26,-28,1253
0.942491,32.875,0.875,26,-3.5,21.875,7.625,22.875,27.125,26,-25.625,1369.125
0.943253,32.75,0.75,26,-3,21.75,7.25,22.75,27.25,26,-23.25,1485.25
0.944015,32.625,0.625,26,-2.5,21.625,6.875,22.625,27.375,26,-20.875,1601.375
0.944777,32.5,0.5,26,-2,21.5,6.5,22.5,27.5,26,-18.5,1717.5
0.945539,32.375,0.375,26,-1.5,21.375,6.125,22.375,27.625,26,-16.125,1833.625
0.9463,32.25,0.25,26,-1,21.25,5.75,22.25,27.75,26,-13.75,1949.75
0.947062,32.125,0.125,26,-0.5,21.125,5.375,22.125,27.875,26,-11.375,2065.875
0.947824,32,0,26,0,21,5,22,28,26,-9,2182
0.948586,32.125,0.375,26,-0.25,20.875,5.25,22,28.125,26.125,-8.125,2340
0.949348,32.25,0.75,26,-0.5,20.75,5.5,22,28.25,26.25,-7.25,2498
0.95011,32.375,1.125,26,-0.75,20.625,5.75,22,28.375,26.375,-6.375,2656
0.950872,32.5,1.5,26,-1,20.5,6,22,28.5,26.5,-5.5,2814
0.951634,32.625,1.875,26,-1.25,20.375,6.25,22,28.625,26.625,-4.625,2972
0.952396,32.75,2.25,26,-1.5,20.25,6.5,22,28.75,26.75,-3.75,3130
0.953158,32.875,2.625,26,-1.75,20.125,6.75,22,28.875,26.875,-2.875,3288
0.95392,33,3,26,-2,20,7,22,29,27,-2,3446
0.954686,33,2.625,26,-2.25,20,7.125,22.25,28.875,27.375,-1.25,3475.5
0.955453,33,2.25,26,-2.5,20,7.25,22.5,28.75,27.75,-0.5,3505
0.95622,33,1.875,26,-2.75,20,7.375,22.75,28.625,28.125,0.25,3534.5
0.956986,33,1.5,26,-3,20,7.5,23,28.5,28.5,1,3564
0.957753,33,1.125,26,-3.25,20,7.625,23.25,28.375,28.875,1.75,3593.5
0.958519,33,0.75,26,-3.5,20,7.75,23.5,28.25,29.25,2.5,3623
0.959286,33,0.375,26,-3.75,20,7.875,23.75,28.125,29.625,3.25,3652.5
0.960052,33,0,26,-4,20,8,24,28,30,4,3682
0.960832,32.75,-0.125,26,-4.125,20.125,8.25,24.125,28.25,29.625,4.375,3292.875
0.961612,32.5,-0.25,26,-4.25,20.25,8.5,24.25,28.5,29.25,4.75,2903.75
0.962392,32.25,-0.375,26,-4.375,20.375,8.75,24.375,28.75,28.875,5.125,2514.625
0.963172,32,-0.5,26,-4.5,20.5,9,24.5,29,28.5,5.5,2125.5
0.963952,31.75,-0.625,26,-4.625,20.625,9.25,24.625,29.25,28.125,5.875,1736.375
0.964732,31.5,-0.75,26,-4.75,20.75,9.5,24.75,29.5,27.75,6.25,1347.25
0.965512,31.25,-0.875,26,-4.875,20.875,9.75,24.875,29.75,27.375,6.625,958.125
0.966292,31,-1,26,-5,21,10,25,30,27,7,569
0.967077,30.75,-0.75,26.25,-4.875,21,9.875,24.625,29.75,27.125,7.5,71.875
0.967861,30.5,-0.5,26.5,-4.75,21,9.75,24.25,29.5,27.25,8,-425.25
0.968646,30.25,-0.25,26.75,-4.625,21,9.625,23.875,29.25,27.375,8.5,-922.375
0.96943,30,0,27,-4.5,21,9.5,23.5,29,27.5,9,-1419.5
0.970214,29.75,0.25,27.25,-4.375,21,9.375,23.125,28.75,27.625,9.5,-1916.625
0.970999,29.5,0.5,27.5,-4.25,21,9.25,22.75,28.5,27.75,10,-2413.75
0.971783,29.25,0.75,27.75,-4.125,21,9.125,22.375,28.25,27.875,10.5,-2910.875
0.972568,29,1,28,-4,21,9,22,28,28,11,-3408
0.973357,29.125,1.125,27.625,-3.75,21,9.25,22,28.125,28,11.125,-3472.125
0.974146,29.25,1.25,27.25,-3.5,21,9.5,22,28.25,28,11.25,-3536.25
0.974935,29.375,1.375,26.875,-3.25,21,9.75,22,28.375,28,11.375,-3600.375
0.975724,29.5,1.5,26.5,-3,21,10,22,28.5,28,11.5,-3664.5
0.976513,29.625,1.625,26.125,-2.75,21,10.25,22,28.625,28,11.625,-3728.625
0.977302,29.75,1.75,25.75,-2.5,21,10.5,22,28.75,28,11.75,-3792.75
0.978091,29.875,1.875,25.375,-2.25,21,10.75,22,28.875,28,11.875,-3856.875
0.97888,30,2,25,-2,21,11,22,29,28,12,-3921
0.979673,30.125,1.5,24.875,-2.125,20.875,10.125,21.875,29,27.625,11.875,-3742.625
0.980467,30.25,1,24.75,-2.25,20.75,9.25,21.75,29,27.25,11.75,-3564.25
0.98126,30.375,0.5,24.625,-2.375,20.625,8.375,21.625,29,26.875,11.625,-3385.875
0.982054,30.5,0,24.5,-2.5,20.5,7.5,21.5,29,26.5,11.5,-3207.5
0.982847,30.625,-0.5,24.375,-2.625,20.375,6.625,21.375,29,26.125,11.375,-3029.125
0.983641,30.75,-1,24.25,-2.75,20.25,5.75,21.25,29,25.75,11.25,-2850.75
0.984434,30.875,-1.5,24.125,-2.875,20.125,4.875,21.125,29,25.375,11.125,-2672.375
0.985228,31,-2,24,-3,20,4,21,29,25,11,-2494
0.986026,31.5,-1.5,24.125,-3.125,20,4.625,21.375,28.75,25.25,11.5,-2348.75
0.986824,32,-1,24.25,-3.25,20,5.25,21.75,28.5,25.5,12,-2203.5
0.987622,32.5,-0.5,24.375,-3.375,20,5.875,22.125,28.25,25.75,12.5,-2058.25
0.98842,33,0,24.5,-3.5,20,6.5,22.5,28,26,13,-1913
0.989218,33.5,0.5,24.625,-3.625,20,7.125,22.875,27.75,26.25,13.5,-1767.75
0.990016,34,1,24.75,-3.75,20,7.75,23.25,27.5,26.5,14,-1622.5
0.990814,34.5,1.5,24.875,-3.875,20,8.375,23.625,27.25,26.75,14.5,-1477.25
0.991612,35,2,25,-4,20,9,24,27,27,15,-1332
0.992419,34.75,1.625,25.375,-4.25,20,8.875,23.75,27.25,27.5,15.375,-1251.375
0.993226,34.5,1.25,25.75,-4.5,20,8.75,23.5,27.5,28,15.75,-1170.75
0.994033,34.25,0.875,26.125,-4.75,20,8.625,23.25,27.75,28.5,16.125,-1090.125
0.99484,34,0.5,26.5,-5,20,8.5,23,28,29,16.5,-1009.5
0.995647,33.75,0.125,26.875,-5.25,20,8.375,22.75,28.25,29.5,16.875,-928.875
0.996454,33.5,-0.25,27.25,-5.5,20,8.25,22.5,28.5,30,17.25,-848.25
0.997261,33.25,-0.625,27.625,-5.75,20,8.125,22.25,28.75,30.5,17.625,-767.625
0.998068,33,-1,28,-6,20,8,22,29,31,18,-687
0.998496,32.625,-0.75,28.125,-5.75,20,8.25,22,28.875,30.5,17.75,-673.75
0.998924,32.25,-0.5,28.25,-5.5,20,8.5,22,28.75,30,17.5,-660.5
0.999353,31.875,-0.25,28.375,-5.25,20,8.75,22,28.625,29.5,17.25,-647.25
0.999781,31.5,0,28.5,-5,20,9,22,28.5,29,17,-634
1.000209,31.125,0.25,28.625,-4.75,20,9.25,22,28.375,28.5,16.75,-620.75
1.000638,30.75,0.5,28.75,-4.5,20,9.5,22,28.25,28,16.5,-607.5
1.001066,30.375,0.75,28.875,-4.25,20,9.75,22,28.125,27.5,16.25,-594.25
1.001495,30,1,29,-4,20,10,22,28,27,16,-581